,Simulation,Observation,Variable,Study
0,0.4119072503122082,0.358,kec,Wardle and Parkinson (1990)
1,0.3837420481812502,0.379,kec,Wardle and Parkinson (1990)
2,0.3731531405548839,0.335,kec,Wardle and Parkinson (1990)
3,0.36450967708703347,0.296,kec,Wardle and Parkinson (1990)
4,0.4119072503122082,0.379,kec,Wardle and Parkinson (1990)
5,0.3837420481812502,0.396,kec,Wardle and Parkinson (1990)
6,0.3731531405548839,0.352,kec,Wardle and Parkinson (1990)
7,0.36450967708703347,0.319,kec,Wardle and Parkinson (1990)
8,0.4119072503122082,0.4,kec,Wardle and Parkinson (1990)
9,0.3837420481812502,0.411,kec,Wardle and Parkinson (1990)
10,0.3731531405548839,0.378,kec,Wardle and Parkinson (1990)
11,0.36450967708703347,0.35,kec,Wardle and Parkinson (1990)
12,0.4119072503122082,0.39,kec,Wardle and Parkinson (1990)
13,0.3837420481812502,0.389,kec,Wardle and Parkinson (1990)
14,0.3731531405548839,0.371,kec,Wardle and Parkinson (1990)
15,0.36450967708703347,0.328,kec,Wardle and Parkinson (1990)
16,0.4119072503122082,0.403,kec,Wardle and Parkinson (1990)
17,0.3837420481812502,0.382,kec,Wardle and Parkinson (1990)
18,0.3731531405548839,0.358,kec,Wardle and Parkinson (1990)
19,0.36450967708703347,0.316,kec,Wardle and Parkinson (1990)
20,0.4119072503122082,0.402,kec,Wardle and Parkinson (1990)
21,0.3837420481812502,0.391,kec,Wardle and Parkinson (1990)
22,0.3731531405548839,0.358,kec,Wardle and Parkinson (1990)
23,0.36450967708703347,0.347,kec,Wardle and Parkinson (1990)
24,0.4119072503122082,0.404,kec,Wardle and Parkinson (1990)
25,0.3837420481812502,0.415,kec,Wardle and Parkinson (1990)
26,0.3731531405548839,0.417,kec,Wardle and Parkinson (1990)
27,0.36450967708703347,0.357,kec,Wardle and Parkinson (1990)
28,0.4119072503122082,0.422,kec,Wardle and Parkinson (1990)
29,0.3837420481812502,0.435,kec,Wardle and Parkinson (1990)
30,0.3731531405548839,0.391,kec,Wardle and Parkinson (1990)
31,0.36450967708703347,0.389,kec,Wardle and Parkinson (1990)
32,0.4119072503122082,0.421,kec,Wardle and Parkinson (1990)
33,0.3837420481812502,0.421,kec,Wardle and Parkinson (1990)
34,0.3731531405548839,0.396,kec,Wardle and Parkinson (1990)
35,0.36450967708703347,0.37,kec,Wardle and Parkinson (1990)
36,0.4119072503122082,0.435,kec,Wardle and Parkinson (1990)
37,0.3837420481812502,0.44,kec,Wardle and Parkinson (1990)
38,0.3731531405548839,0.4,kec,Wardle and Parkinson (1990)
39,0.36450967708703347,0.346,kec,Wardle and Parkinson (1990)
0,49.9583680266445,49.9583680266445,S,Marstorp and Witter (1999)
1,49.708357102363856,,S,Marstorp and Witter (1999)
2,49.413013981207705,39.8509263670649,S,Marstorp and Witter (1999)
3,49.1138382384697,,S,Marstorp and Witter (1999)
4,48.85444132288753,30.723060551145,S,Marstorp and Witter (1999)
5,48.592390260432666,,S,Marstorp and Witter (1999)
6,48.416251717770386,,S,Marstorp and Witter (1999)
7,48.19449950732062,30.500429677586,S,Marstorp and Witter (1999)
8,48.06062239401581,,S,Marstorp and Witter (1999)
9,47.971032568070704,,S,Marstorp and Witter (1999)
10,47.83614696986539,,S,Marstorp and Witter (1999)
11,47.700668428166885,,S,Marstorp and Witter (1999)
12,47.6100244626134,19.5915168731939,S,Marstorp and Witter (1999)
13,47.47357778784745,,S,Marstorp and Witter (1999)
14,47.382296731693344,,S,Marstorp and Witter (1999)
15,47.19898668418375,,S,Marstorp and Witter (1999)
16,47.106962972251246,,S,Marstorp and Witter (1999)
17,46.96847392095452,0.890523494236081,S,Marstorp and Witter (1999)
18,46.87584936809133,,S,Marstorp and Witter (1999)
19,46.73647125071963,,S,Marstorp and Witter (1999)
20,46.54982357112726,,S,Marstorp and Witter (1999)
21,46.4561582769161,,S,Marstorp and Witter (1999)
22,46.315240681322756,0.890523494236081,S,Marstorp and Witter (1999)
23,46.07928001365389,,S,Marstorp and Witter (1999)
24,45.84198076629277,,S,Marstorp and Witter (1999)
25,45.55550924272471,,S,Marstorp and Witter (1999)
26,45.21901472738839,,S,Marstorp and Witter (1999)
27,44.977213847416856,,S,Marstorp and Witter (1999)
28,44.53906247861036,,S,Marstorp and Witter (1999)
29,43.80099829768902,0.890523494236081,S,Marstorp and Witter (1999)
30,42.652238651420376,,S,Marstorp and Witter (1999)
31,40.35596867855491,,S,Marstorp and Witter (1999)
32,38.53696908677052,,S,Marstorp and Witter (1999)
33,36.7520667380336,,S,Marstorp and Witter (1999)
34,34.957526689220096,,S,Marstorp and Witter (1999)
35,33.1607077750591,,S,Marstorp and Witter (1999)
36,29.587546136773017,,S,Marstorp and Witter (1999)
37,27.875552915819025,,S,Marstorp and Witter (1999)
38,26.134591734360992,,S,Marstorp and Witter (1999)
39,24.372626696553844,,S,Marstorp and Witter (1999)
40,22.69584950677866,,S,Marstorp and Witter (1999)
41,0.0,0.0,CO2,Marstorp and Witter (1999)
42,0.18932488857346286,0.008871352656646,CO2,Marstorp and Witter (1999)
43,0.412730959015355,0.032600542098624,CO2,Marstorp and Witter (1999)
44,0.6387685830554157,0.070857514413369,CO2,Marstorp and Witter (1999)
45,0.8345382995648374,0.134096735238337,CO2,Marstorp and Witter (1999)
46,1.0321133120055688,0.223020961602405,CO2,Marstorp and Witter (1999)
47,1.1648039618712351,0.335527014861182,CO2,Marstorp and Witter (1999)
48,1.3317326317372409,0.499120607792758,CO2,Marstorp and Witter (1999)
49,1.4324451475635842,0.697518338062734,CO2,Marstorp and Witter (1999)
50,1.4998137558483295,0.928798604420278,CO2,Marstorp and Witter (1999)
51,1.6012017512926804,1.20482520589228,CO2,Marstorp and Witter (1999)
52,1.7029854994288525,1.54271065806504,CO2,Marstorp and Witter (1999)
53,1.7710576839811178,1.9542703817642,CO2,Marstorp and Witter (1999)
54,1.8734852530280945,2.44782781468932,CO2,Marstorp and Witter (1999)
55,1.9419801220387694,3.05049177740157,CO2,Marstorp and Witter (1999)
56,2.0794641018647497,3.77571411521204,CO2,Marstorp and Witter (1999)
57,2.1484490818196305,4.61946575147739,CO2,Marstorp and Witter (1999)
58,2.2522245192574273,5.44343181739781,CO2,Marstorp and Witter (1999)
59,2.3216038153539835,6.06784639660365,CO2,Marstorp and Witter (1999)
60,2.425961194155155,6.49827282310138,CO2,Marstorp and Witter (1999)
61,2.5656321939247095,6.81925821001246,CO2,Marstorp and Witter (1999)
62,2.635689400003201,7.05303393220556,CO2,Marstorp and Witter (1999)
63,2.7410467492945436,7.26029728613466,CO2,Marstorp and Witter (1999)
64,2.9173499965424368,7.41260698189923,CO2,Marstorp and Witter (1999)
65,3.0945113546024605,7.54194355675537,CO2,Marstorp and Witter (1999)
66,3.3081951883156098,7.67134028608546,CO2,Marstorp and Witter (1999)
67,3.558931181111455,7.79195000633347,CO2,Marstorp and Witter (1999)
68,3.738934362716982,7.90888521122895,CO2,Marstorp and Witter (1999)
69,4.064741219241175,8.03555827965568,CO2,Marstorp and Witter (1999)
70,4.612507534799642,8.14378063415918,CO2,Marstorp and Witter (1999)
71,5.462474018009098,8.24401963062133,CO2,Marstorp and Witter (1999)
72,7.1520373417041085,8.39189142211409,CO2,Marstorp and Witter (1999)
73,8.481404126645556,8.5462248862519,CO2,Marstorp and Witter (1999)
74,9.777852989896315,8.74758307598931,CO2,Marstorp and Witter (1999)
75,11.07295920057576,8.94949841073534,CO2,Marstorp and Witter (1999)
76,12.360856547745753,9.17575657421306,CO2,Marstorp and Witter (1999)
77,14.893208299443579,9.34629466696939,CO2,Marstorp and Witter (1999)
78,16.09154049034144,9.53297086831751,CO2,Marstorp and Witter (1999)
79,17.299055463049616,9.69567726232789,CO2,Marstorp and Witter (1999)
80,18.508697982290304,9.87323289962733,CO2,Marstorp and Witter (1999)
81,19.64710045193961,10.1125087777154,CO2,Marstorp and Witter (1999)
82,5.168758138857309,5.16875813885731,Flush,Marstorp and Witter (1999)
83,5.157743653656923,,Flush,Marstorp and Witter (1999)
84,5.146621691961515,14.9418265863967,Flush,Marstorp and Witter (1999)
85,5.137341905599205,,Flush,Marstorp and Witter (1999)
86,5.130836241074338,13.32497246421592,Flush,Marstorp and Witter (1999)
87,5.125649485370946,,Flush,Marstorp and Witter (1999)
88,5.122915042847731,,Flush,Marstorp and Witter (1999)
89,5.120300183156272,8.65833424738533,Flush,Marstorp and Witter (1999)
90,5.119154825978968,,Flush,Marstorp and Witter (1999)
91,5.118566021135035,,Flush,Marstorp and Witter (1999)
92,5.1179428562024665,,Flush,Marstorp and Witter (1999)
93,5.117629136867853,,Flush,Marstorp and Witter (1999)
94,5.117590414157227,14.44809864078266,Flush,Marstorp and Witter (1999)
95,5.117785664158069,,Flush,Marstorp and Witter (1999)
96,5.1180833363818845,,Flush,Marstorp and Witter (1999)
97,5.1190764191995735,,Flush,Marstorp and Witter (1999)
98,5.119769952406519,,Flush,Marstorp and Witter (1999)
99,5.121053755387121,10.90170185862697,Flush,Marstorp and Witter (1999)
100,5.122070516952227,,Flush,Marstorp and Witter (1999)
101,5.123834510450993,,Flush,Marstorp and Witter (1999)
102,5.1266270924017485,,Flush,Marstorp and Witter (1999)
103,5.128209919453972,,Flush,Marstorp and Witter (1999)
104,5.130814439715862,10.15621462063184,Flush,Marstorp and Witter (1999)
105,5.1357607864734005,,Flush,Marstorp and Witter (1999)
106,5.14144985917114,,Flush,Marstorp and Witter (1999)
107,5.149234033586403,,Flush,Marstorp and Witter (1999)
108,5.159599415133294,,Flush,Marstorp and Witter (1999)
109,5.167825942214983,,Flush,Marstorp and Witter (1999)
110,5.184302822474322,,Flush,Marstorp and Witter (1999)
111,5.216304233241827,10.34730691686277,Flush,Marstorp and Witter (1999)
112,5.275510826546244,,Flush,Marstorp and Witter (1999)
113,5.421673170726332,9.732157562527451,Flush,Marstorp and Witter (1999)
114,5.557789925013245,,Flush,Marstorp and Witter (1999)
115,5.704553172401031,,Flush,Marstorp and Witter (1999)
116,5.862472056230373,,Flush,Marstorp and Witter (1999)
117,6.028921233824129,,Flush,Marstorp and Witter (1999)
118,6.379011697676215,,Flush,Marstorp and Witter (1999)
119,6.55395550660888,,Flush,Marstorp and Witter (1999)
120,6.735869913777922,,Flush,Marstorp and Witter (1999)
121,6.9237304102373365,,Flush,Marstorp and Witter (1999)
122,7.105794684064807,8.21600715729911,Flush,Marstorp and Witter (1999)
123,1.05634021338326,1.05634021338326,DNA,Marstorp and Witter (1999)
124,1.0735027886590331,,DNA,Marstorp and Witter (1999)
125,1.0933842125036246,1.05106510620032,DNA,Marstorp and Witter (1999)
126,1.1131121459755111,,DNA,Marstorp and Witter (1999)
127,1.1298994869758685,1.1038161780297,DNA,Marstorp and Witter (1999)
128,1.1465743128598347,,DNA,Marstorp and Witter (1999)
129,1.1576287406690096,,DNA,Marstorp and Witter (1999)
130,1.17137747242937,1.14074192831026,DNA,Marstorp and Witter (1999)
131,1.1795900593392765,,DNA,Marstorp and Witter (1999)
132,1.1850499691683327,,DNA,Marstorp and Witter (1999)
133,1.193217277084433,,DNA,Marstorp and Witter (1999)
134,1.201357730072053,,DNA,Marstorp and Witter (1999)
135,1.206769904671446,1.33592089407895,DNA,Marstorp and Witter (1999)
136,1.2148661746704819,,DNA,Marstorp and Witter (1999)
137,1.220249148174144,,DNA,Marstorp and Witter (1999)
138,1.2309805956285866,,DNA,Marstorp and Witter (1999)
139,1.236329255381766,,DNA,Marstorp and Witter (1999)
140,1.2443311847441536,1.62605178914052,DNA,Marstorp and Witter (1999)
141,1.249651908918149,,DNA,Marstorp and Witter (1999)
142,1.2576124082813862,,DNA,Marstorp and Witter (1999)
143,1.2681885351979179,,DNA,Marstorp and Witter (1999)
144,1.273460612256627,,DNA,Marstorp and Witter (1999)
145,1.2813490585725669,1.59967625322583,DNA,Marstorp and Witter (1999)
146,1.2944449745602922,,DNA,Marstorp and Witter (1999)
147,1.3074781154919888,,DNA,Marstorp and Witter (1999)
148,1.3230376813424862,,DNA,Marstorp and Witter (1999)
149,1.3410841611988262,,DNA,Marstorp and Witter (1999)
150,1.3539072376556645,,DNA,Marstorp and Witter (1999)
151,1.3768546132371557,,DNA,Marstorp and Witter (1999)
152,1.4147452714056037,1.66297753942108,DNA,Marstorp and Witter (1999)
153,1.4720939495854843,,DNA,Marstorp and Witter (1999)
154,1.5823321824454857,1.68407796815283,DNA,Marstorp and Witter (1999)
155,1.6669515683263028,,DNA,Marstorp and Witter (1999)
156,1.748740244963234,,DNA,Marstorp and Witter (1999)
157,1.8304869617952781,,DNA,Marstorp and Witter (1999)
158,1.9124628530265875,,DNA,Marstorp and Witter (1999)
159,2.0777968187673963,,DNA,Marstorp and Witter (1999)
160,2.1588738065809636,,DNA,Marstorp and Witter (1999)
161,2.2430181580258286,,DNA,Marstorp and Witter (1999)
162,2.3302575609128535,,DNA,Marstorp and Witter (1999)
163,2.4155457587005755,1.52054964548177,DNA,Marstorp and Witter (1999)
0,0.34441414414528143,0.42,kec,Glanville et al. (2016)
1,0.3443490725422859,0.4,kec,Glanville et al. (2016)
2,0.3442211751423386,0.39,kec,Glanville et al. (2016)
3,0.3439741226394685,0.39,kec,Glanville et al. (2016)
4,0.3435131390214749,0.37,kec,Glanville et al. (2016)
5,0.34309300956931077,,kec,Glanville et al. (2016)
6,0.34204267091421064,0.37,kec,Glanville et al. (2016)
7,0.34064000621638385,0.36,kec,Glanville et al. (2016)
8,0.33869656543045285,0.29,kec,Glanville et al. (2016)
9,0.33817462916324315,0.29,kec,Glanville et al. (2016)
10,0.33778027162168633,0.28,kec,Glanville et al. (2016)
11,0.33742082391587597,0.25,kec,Glanville et al. (2016)
12,0.3370919370708883,0.25,kec,Glanville et al. (2016)
13,0.33679101702953035,0.25,kec,Glanville et al. (2016)
14,0.33651570761505833,0.29,kec,Glanville et al. (2016)
15,0.34441414414528143,,kec,Glanville et al. (2016)
16,0.3442211751423386,0.38,kec,Glanville et al. (2016)
17,0.3439741226394685,0.36,kec,Glanville et al. (2016)
18,0.3435131390214749,0.35,kec,Glanville et al. (2016)
19,0.34309300956931077,0.34,kec,Glanville et al. (2016)
20,0.34204267091421064,0.33,kec,Glanville et al. (2016)
21,0.34064000621638385,0.31,kec,Glanville et al. (2016)
22,0.33869656543045285,0.31,kec,Glanville et al. (2016)
23,0.33817462916324315,0.28,kec,Glanville et al. (2016)
24,0.33778027162168633,0.28,kec,Glanville et al. (2016)
25,0.3370919370708883,0.28,kec,Glanville et al. (2016)
26,0.33679101702953035,0.26,kec,Glanville et al. (2016)
27,0.33651570761505833,0.21,kec,Glanville et al. (2016)
0,24.9791840133222,24.9791840133222,S,Bremer and van Kessel (1990)
1,23.385152204573416,13.9329999451555,S,Bremer and van Kessel (1990)
2,21.87141456332402,1.45836553371193,S,Bremer and van Kessel (1990)
3,19.06158183565364,0.0,S,Bremer and van Kessel (1990)
4,10.227329662124104,0.0,S,Bremer and van Kessel (1990)
5,1.539993009001899,0.0,S,Bremer and van Kessel (1990)
6,0.0,0.0,CO2,Bremer and van Kessel (1990)
7,1.0640533780802546,1.20691502955458,CO2,Bremer and van Kessel (1990)
8,2.066014005629858,4.0560259189949,CO2,Bremer and van Kessel (1990)
9,3.8997054959681194,7.18213370046413,CO2,Bremer and van Kessel (1990)
10,9.334158403171045,8.88368603721322,CO2,Bremer and van Kessel (1990)
11,13.721715055598363,9.51682179042218,CO2,Bremer and van Kessel (1990)
12,0.33357188380990144,,kec,Bremer and van Kessel (1990)
13,0.3447850463368516,0.5,kec,Bremer and van Kessel (1990)
14,0.3538259681445021,0.447470817120623,kec,Bremer and van Kessel (1990)
15,0.36696143945329895,0.378599221789883,kec,Bremer and van Kessel (1990)
16,0.3841642102678712,0.359143968871595,kec,Bremer and van Kessel (1990)
17,0.3650948079888462,0.327237354085603,kec,Bremer and van Kessel (1990)
18,0.0,0.0,MBC,Bremer and van Kessel (1990)
19,0.5299784308851142,9.68272053990096,MBC,Bremer and van Kessel (1990)
20,1.0417554429880675,19.2865594460756,MBC,Bremer and van Kessel (1990)
21,2.017896680850433,17.4525614619396,MBC,Bremer and van Kessel (1990)
22,5.417695966718204,15.9735308295718,MBC,Bremer and van Kessel (1990)
23,9.717476016883486,15.3621981681932,MBC,Bremer and van Kessel (1990)
24,24.9791840133222,24.9791840133222,S,Bremer and van Kessel (1990)
25,23.385152204573416,14.3592914088559,S,Bremer and van Kessel (1990)
26,21.87141456332402,4.48727856526747,S,Bremer and van Kessel (1990)
27,19.06158183565364,0.179491142610698,S,Bremer and van Kessel (1990)
28,10.227329662124104,0.0,S,Bremer and van Kessel (1990)
29,1.539993009001899,0.0,S,Bremer and van Kessel (1990)
30,0.0,0.0,CO2,Bremer and van Kessel (1990)
31,1.0640533780802546,1.22670052184236,CO2,Bremer and van Kessel (1990)
32,2.066014005629858,3.957098457556,CO2,Bremer and van Kessel (1990)
33,3.8997054959681194,7.71634199223419,CO2,Bremer and van Kessel (1990)
34,9.334158403171045,9.16068292924213,CO2,Bremer and van Kessel (1990)
35,13.721715055598363,10.4071689433723,CO2,Bremer and van Kessel (1990)
36,0.33357188380990144,,kec,Bremer and van Kessel (1990)
37,0.3447850463368516,0.409727626459144,kec,Bremer and van Kessel (1990)
38,0.3538259681445021,0.389494163424124,kec,Bremer and van Kessel (1990)
39,0.36696143945329895,0.360311284046693,kec,Bremer and van Kessel (1990)
40,0.3841642102678712,0.33852140077821,kec,Bremer and van Kessel (1990)
41,0.3650948079888462,0.327237354085603,kec,Bremer and van Kessel (1990)
42,0.0,0.0,MBC,Bremer and van Kessel (1990)
43,0.5299784308851142,9.36719400499584,MBC,Bremer and van Kessel (1990)
44,1.0417554429880675,16.5257022656558,MBC,Bremer and van Kessel (1990)
45,2.017896680850433,17.0778737017398,MBC,Bremer and van Kessel (1990)
46,5.417695966718204,15.7171655199614,MBC,Bremer and van Kessel (1990)
47,9.717476016883486,14.5536614224988,MBC,Bremer and van Kessel (1990)
48,2.49791840133222,2.49791840133222,S,Bremer and van Kessel (1990)
49,2.229689705053944,0.0,S,Bremer and van Kessel (1990)
50,1.9848591138668596,0.0,S,Bremer and van Kessel (1990)
51,1.5598714858588059,0.0,S,Bremer and van Kessel (1990)
52,0.5359724998076935,0.0,S,Bremer and van Kessel (1990)
53,0.04698950913503329,0.0,S,Bremer and van Kessel (1990)
54,0.0,0.0,CO2,Bremer and van Kessel (1990)
55,0.10549223873057711,0.27699689202892,CO2,Bremer and van Kessel (1990)
56,0.20059672931143627,0.379881451925376,CO2,Bremer and van Kessel (1990)
57,0.3629148820060329,0.441216478017494,CO2,Bremer and van Kessel (1990)
58,0.7409966668762125,0.550036685600284,CO2,Bremer and van Kessel (1990)
59,0.9247118313961843,0.627200105522626,CO2,Bremer and van Kessel (1990)
60,0.33357188380990144,,kec,Bremer and van Kessel (1990)
61,0.3370549105818325,0.417509727626459,kec,Bremer and van Kessel (1990)
62,0.33977265484647157,0.408560311284047,kec,Bremer and van Kessel (1990)
63,0.34338961497999976,0.45875486381323,kec,Bremer and van Kessel (1990)
64,0.3446934645320361,0.488326848249027,kec,Bremer and van Kessel (1990)
65,0.33647853844951203,0.468482490272374,kec,Bremer and van Kessel (1990)
66,0.0,0.0,MBC,Bremer and van Kessel (1990)
67,0.16273645744995544,2.19685349927692,MBC,Bremer and van Kessel (1990)
68,0.312462558163083,2.08839125290328,MBC,Bremer and van Kessel (1990)
69,0.5751320321715369,2.03514615013804,MBC,Bremer and van Kessel (1990)
70,1.2209492332224328,1.93260002629388,MBC,Bremer and van Kessel (1990)
71,1.5262170547835976,1.87146676015601,MBC,Bremer and van Kessel (1990)
0,0.0,0.0,CO2,Blagodatskaya et al. (2014)
1,4.54784824088781,0.17541160608294,CO2,Blagodatskaya et al. (2014)
2,7.0219293388768085,0.539241652067532,CO2,Blagodatskaya et al. (2014)
3,9.3437272049393,0.903432998991554,CO2,Blagodatskaya et al. (2014)
4,11.999729024621253,1.45134587360493,CO2,Blagodatskaya et al. (2014)
5,14.400389501692327,1.63127374143051,CO2,Blagodatskaya et al. (2014)
6,17.145764119501074,2.17918661604387,CO2,Blagodatskaya et al. (2014)
7,19.73049311705149,2.72746079159664,CO2,Blagodatskaya et al. (2014)
8,22.462607673611917,3.27555431667971,CO2,Blagodatskaya et al. (2014)
9,25.24008366442231,3.63938436266432,CO2,Blagodatskaya et al. (2014)
10,28.17234585013803,4.37156071637616,CO2,Blagodatskaya et al. (2014)
11,30.820160329904297,5.28854250059557,CO2,Blagodatskaya et al. (2014)
12,33.5073860288227,6.20552428481498,CO2,Blagodatskaya et al. (2014)
13,36.46323354791918,7.30640824719342,CO2,Blagodatskaya et al. (2014)
14,39.46596200964412,8.40729220957189,CO2,Blagodatskaya et al. (2014)
15,42.397008845480784,10.2454107388139,CO2,Blagodatskaya et al. (2014)
16,45.49207512369812,11.8990851384877,CO2,Blagodatskaya et al. (2014)
17,48.63370624107866,14.8426038918508,CO2,Blagodatskaya et al. (2014)
18,51.57535760375855,18.5235378625472,CO2,Blagodatskaya et al. (2014)
19,54.933886790844774,22.5724568400313,CO2,Blagodatskaya et al. (2014)
20,58.088154790102934,28.4643719094395,CO2,Blagodatskaya et al. (2014)
21,61.286451372057066,35.27760437434,CO2,Blagodatskaya et al. (2014)
22,64.52765556797175,44.3019985884221,CO2,Blagodatskaya et al. (2014)
23,68.07908631889478,53.8788219388601,CO2,Blagodatskaya et al. (2014)
24,71.41315420800379,64.1930605066314,CO2,Blagodatskaya et al. (2014)
25,74.7902229336061,76.9027243026826,CO2,Blagodatskaya et al. (2014)
26,78.35156388278845,89.2436804900673,CO2,Blagodatskaya et al. (2014)
27,81.96750889241252,96.6095227417935,CO2,Blagodatskaya et al. (2014)
28,85.49537490000498,99.7374856247248,CO2,Blagodatskaya et al. (2014)
29,89.21392407658908,102.312477419891,CO2,Blagodatskaya et al. (2014)
30,92.6912785010494,104.150776599603,CO2,Blagodatskaya et al. (2014)
31,96.80207954353371,106.172616656534,CO2,Blagodatskaya et al. (2014)
32,100.22192290876468,108.011096486715,CO2,Blagodatskaya et al. (2014)
33,104.2867145811798,109.848853715018,CO2,Blagodatskaya et al. (2014)
34,108.251922933431,111.502528114692,CO2,Blagodatskaya et al. (2014)
35,111.9566071403217,112.788036857108,CO2,Blagodatskaya et al. (2014)
36,116.01774170539159,114.257447777684,CO2,Blagodatskaya et al. (2014)
37,120.28765184819095,115.726678047789,CO2,Blagodatskaya et al. (2014)
38,124.28892829923113,117.012006139736,CO2,Blagodatskaya et al. (2014)
39,2.4848630240651,2.4848630240651,DNA,Blagodatskaya et al. (2014)
40,2.579688985143956,,DNA,Blagodatskaya et al. (2014)
41,2.631193134015396,,DNA,Blagodatskaya et al. (2014)
42,2.6794775654745875,,DNA,Blagodatskaya et al. (2014)
43,2.7346562270090247,,DNA,Blagodatskaya et al. (2014)
44,2.7844814207914457,,DNA,Blagodatskaya et al. (2014)
45,2.841407537172472,,DNA,Blagodatskaya et al. (2014)
46,2.8949534146813445,,DNA,Blagodatskaya et al. (2014)
47,2.951503937736334,,DNA,Blagodatskaya et al. (2014)
48,3.0089455251362565,,DNA,Blagodatskaya et al. (2014)
49,3.0695397256056616,,DNA,Blagodatskaya et al. (2014)
50,3.124216323005957,2.65017752763535,DNA,Blagodatskaya et al. (2014)
51,3.179671419271471,,DNA,Blagodatskaya et al. (2014)
52,3.240632376260532,,DNA,Blagodatskaya et al. (2014)
53,3.302523794483253,2.83546258786628,DNA,Blagodatskaya et al. (2014)
54,3.3629061764352333,,DNA,Blagodatskaya et al. (2014)
55,3.426637787084945,,DNA,Blagodatskaya et al. (2014)
56,3.4913013124957413,,DNA,Blagodatskaya et al. (2014)
57,3.5518279989350634,,DNA,Blagodatskaya et al. (2014)
58,3.6209124436367173,3.36097963241646,DNA,Blagodatskaya et al. (2014)
59,3.6857804908558367,,DNA,Blagodatskaya et al. (2014)
60,3.7515438477991143,,DNA,Blagodatskaya et al. (2014)
61,3.81818351752684,,DNA,Blagodatskaya et al. (2014)
62,3.8911999221688363,,DNA,Blagodatskaya et al. (2014)
63,3.9597509658835848,4.94527303274559,DNA,Blagodatskaya et al. (2014)
64,4.029194644516489,,DNA,Blagodatskaya et al. (2014)
65,4.102442215906213,,DNA,Blagodatskaya et al. (2014)
66,4.176833967578654,,DNA,Blagodatskaya et al. (2014)
67,4.249439735005166,,DNA,Blagodatskaya et al. (2014)
68,4.326003766428276,,DNA,Blagodatskaya et al. (2014)
69,4.397638551362653,,DNA,Blagodatskaya et al. (2014)
70,4.482375627173544,,DNA,Blagodatskaya et al. (2014)
71,4.552919231213155,,DNA,Blagodatskaya et al. (2014)
72,4.63683198544223,,DNA,Blagodatskaya et al. (2014)
73,4.718764446148676,,DNA,Blagodatskaya et al. (2014)
74,4.795387554791506,,DNA,Blagodatskaya et al. (2014)
75,4.8794720772709725,6.58436114918147,DNA,Blagodatskaya et al. (2014)
76,4.967987831480706,,DNA,Blagodatskaya et al. (2014)
77,5.051043559867062,,DNA,Blagodatskaya et al. (2014)
78,0.0,0.0,CO2,Blagodatskaya et al. (2014)
79,3.9276459294151143,0.579549493937988,CO2,Blagodatskaya et al. (2014)
80,6.156150019673972,0.770631414101092,CO2,Blagodatskaya et al. (2014)
81,8.424938451178656,1.15791703785436,CO2,Blagodatskaya et al. (2014)
82,10.644862795149438,1.15299224609757,CO2,Blagodatskaya et al. (2014)
83,12.902820342268978,1.93288226870144,CO2,Blagodatskaya et al. (2014)
84,15.014058046725143,1.9283514602852,CO2,Blagodatskaya et al. (2014)
85,17.440190179706015,2.51184078762864,CO2,Blagodatskaya et al. (2014)
86,19.81292702324717,2.70311969946199,CO2,Blagodatskaya et al. (2014)
87,22.225165875935815,3.28680601847572,CO2,Blagodatskaya et al. (2014)
88,24.77618057255152,3.87029534581915,CO2,Blagodatskaya et al. (2014)
89,27.06909844818059,4.65057935176354,CO2,Blagodatskaya et al. (2014)
90,29.70242084674492,5.23406867910696,CO2,Blagodatskaya et al. (2014)
91,32.06874787730887,6.01435268505137,CO2,Blagodatskaya et al. (2014)
92,34.891109015856124,7.38245983508516,CO2,Blagodatskaya et al. (2014)
93,37.440528246545405,8.35875055294946,CO2,Blagodatskaya et al. (2014)
94,40.137168306177976,10.1196590935041,CO2,Blagodatskaya et al. (2014)
95,42.98636818522385,12.0765743459786,CO2,Blagodatskaya et al. (2014)
96,45.65712582310225,14.8186983961544,CO2,Blagodatskaya et al. (2014)
97,48.481016254081126,17.75682915825,CO2,Blagodatskaya et al. (2014)
98,51.23237635327827,21.8723791335569,CO2,Blagodatskaya et al. (2014)
99,54.02357032553081,26.9689476268145,CO2,Blagodatskaya et al. (2014)
100,57.09257095549539,33.830955469043,CO2,Blagodatskaya et al. (2014)
101,60.088113221501864,41.6741788208927,CO2,Blagodatskaya et al. (2014)
102,63.250085707959016,51.4792422169736,CO2,Blagodatskaya et al. (2014)
103,66.2112126951927,62.2657181143459,CO2,Blagodatskaya et al. (2014)
104,69.21320836648711,74.2294162332591,CO2,Blagodatskaya et al. (2014)
105,72.383922306932,85.996713656912,CO2,Blagodatskaya et al. (2014)
106,75.72887896117825,95.8017770529929,CO2,Blagodatskaya et al. (2014)
107,78.99093543633022,103.056389294072,CO2,Blagodatskaya et al. (2014)
108,82.1648417733822,108.15295778733,CO2,Blagodatskaya et al. (2014)
109,85.65016580300944,111.875706372116,CO2,Blagodatskaya et al. (2014)
110,88.91080658609668,114.617830422291,CO2,Blagodatskaya et al. (2014)
111,92.35172035549016,116.771146370026,CO2,Blagodatskaya et al. (2014)
112,95.97842396484361,119.120469029681,CO2,Blagodatskaya et al. (2014)
113,99.36978186652357,120.881574561906,CO2,Blagodatskaya et al. (2014)
114,103.09105956930074,122.838489814381,CO2,Blagodatskaya et al. (2014)
115,106.42398619683951,124.599792338276,CO2,Blagodatskaya et al. (2014)
116,110.53344451236666,126.16390620023,CO2,Blagodatskaya et al. (2014)
117,2.18459568856396,2.18459568856396,DNA,Blagodatskaya et al. (2014)
118,2.266469387857727,,DNA,Blagodatskaya et al. (2014)
119,2.312830033686331,,DNA,Blagodatskaya et al. (2014)
120,2.359962456183646,,DNA,Blagodatskaya et al. (2014)
121,2.4060175808303668,,DNA,Blagodatskaya et al. (2014)
122,2.4528012018198484,,DNA,Blagodatskaya et al. (2014)
123,2.496491854730365,,DNA,Blagodatskaya et al. (2014)
124,2.5466384556964075,,DNA,Blagodatskaya et al. (2014)
125,2.595621519510181,,DNA,Blagodatskaya et al. (2014)
126,2.645362239654332,,DNA,Blagodatskaya et al. (2014)
127,2.697904262088237,,DNA,Blagodatskaya et al. (2014)
128,2.745080197614153,,DNA,Blagodatskaya et al. (2014)
129,2.79920438069571,2.19195949425575,DNA,Blagodatskaya et al. (2014)
130,2.8477930557452007,,DNA,Blagodatskaya et al. (2014)
131,2.9056900925790963,,DNA,Blagodatskaya et al. (2014)
132,2.9579394077591656,2.20668710563933,DNA,Blagodatskaya et al. (2014)
133,3.0131591388619445,,DNA,Blagodatskaya et al. (2014)
134,3.071454394835982,,DNA,Blagodatskaya et al. (2014)
135,3.126056998800347,,DNA,Blagodatskaya et al. (2014)
136,3.183750191379315,,DNA,Blagodatskaya et al. (2014)
137,3.2399254380305247,2.81051917236599,DNA,Blagodatskaya et al. (2014)
138,3.2968811438842356,,DNA,Blagodatskaya et al. (2014)
139,3.359471677342517,,DNA,Blagodatskaya et al. (2014)
140,3.4205340789305265,,DNA,Blagodatskaya et al. (2014)
141,3.4849616509746597,,DNA,Blagodatskaya et al. (2014)
142,3.5452755957718685,4.09182136273722,DNA,Blagodatskaya et al. (2014)
143,3.6064051566411948,,DNA,Blagodatskaya et al. (2014)
144,3.6709564107209953,,DNA,Blagodatskaya et al. (2014)
145,3.7390446231445194,,DNA,Blagodatskaya et al. (2014)
146,3.805440213569976,,DNA,Blagodatskaya et al. (2014)
147,3.8700414947101436,,DNA,Blagodatskaya et al. (2014)
148,3.9409866258806363,,DNA,Blagodatskaya et al. (2014)
149,4.007368321687913,,DNA,Blagodatskaya et al. (2014)
150,4.077436044001822,,DNA,Blagodatskaya et al. (2014)
151,4.151310716576608,,DNA,Blagodatskaya et al. (2014)
152,4.2204190185696495,,DNA,Blagodatskaya et al. (2014)
153,4.296287222468364,5.96222800845153,DNA,Blagodatskaya et al. (2014)
154,4.364275938751593,,DNA,Blagodatskaya et al. (2014)
155,4.448162082639866,,DNA,Blagodatskaya et al. (2014)
0,26.3762340526799,26.3762340526799,S,Santruckova et al. (2004)
1,24.601972451638325,15.7599687151346,S,Santruckova et al. (2004)
2,22.919777525340383,5.93915538888555,S,Santruckova et al. (2004)
3,21.320813821859417,0.0,S,Santruckova et al. (2004)
4,16.966309582249433,0.0,S,Santruckova et al. (2004)
5,13.20589100155937,0.0,S,Santruckova et al. (2004)
6,0.0,0.0,CO2,Santruckova et al. (2004)
7,1.195453983352455,1.70049820678914,CO2,Santruckova et al. (2004)
8,2.3198005964379687,3.52349134514819,CO2,Santruckova et al. (2004)
9,3.37876313817506,5.39824551529388,CO2,Santruckova et al. (2004)
10,6.201196495765971,6.52776419476551,CO2,Santruckova et al. (2004)
11,8.541733863357456,6.96725543596791,CO2,Santruckova et al. (2004)
12,0.33357188380990144,,kec,Santruckova et al. (2004)
13,0.34845296293086075,,kec,Santruckova et al. (2004)
14,0.3597184220846371,0.32,kec,Santruckova et al. (2004)
15,0.36824178435447147,0.26,kec,Santruckova et al. (2004)
16,0.3828807439486572,0.23,kec,Santruckova et al. (2004)
17,0.3878560695725986,0.22,kec,Santruckova et al. (2004)
18,0.0,0.0,Flush,Santruckova et al. (2004)
19,0.20168722934951136,3.68010348725476,Flush,Santruckova et al. (2004)
20,0.4088760773048885,4.56277091245275,Flush,Santruckova et al. (2004)
21,0.6174151991684024,4.81983260464175,Flush,Santruckova et al. (2004)
22,1.2285601561974573,4.428161906393,Flush,Santruckova et al. (2004)
23,1.7952341727723153,4.14456385728253,Flush,Santruckova et al. (2004)
0,133.217877839206,133.217877839206,S,Joergensen and Raubuch (2002)
1,124.66196443182208,107.910074937552,S,Joergensen and Raubuch (2002)
2,116.73261036519479,65.0291423813489,S,Joergensen and Raubuch (2002)
3,102.31102830929183,54.3713572023314,S,Joergensen and Raubuch (2002)
4,77.64355311420702,2.41465445462115,S,Joergensen and Raubuch (2002)
5,40.560709614393765,0.0,S,Joergensen and Raubuch (2002)
6,5.022640317416689,0.0,S,Joergensen and Raubuch (2002)
7,5.695253955037471,5.69525395503747,Flush,Joergensen and Raubuch (2002)
8,8.100753394804787,13.2639467110741,Flush,Joergensen and Raubuch (2002)
9,10.092347759981752,17.3480432972523,Flush,Joergensen and Raubuch (2002)
10,13.238854411144656,17.5728559533722,Flush,Joergensen and Raubuch (2002)
11,17.544451659037154,17.0857618651124,Flush,Joergensen and Raubuch (2002)
12,22.24397624550219,11.0907577019151,Flush,Joergensen and Raubuch (2002)
13,24.978620810915835,13.3388842631141,Flush,Joergensen and Raubuch (2002)
14,0.0114,0.0114,ATP,Joergensen and Raubuch (2002)
15,0.012530853923438607,0.0118,ATP,Joergensen and Raubuch (2002)
16,0.013529372365459476,0.0146,ATP,Joergensen and Raubuch (2002)
17,0.015252086369122484,0.0156,ATP,Joergensen and Raubuch (2002)
18,0.018019026452276845,0.0236,ATP,Joergensen and Raubuch (2002)
19,0.022075281662951085,0.0253,ATP,Joergensen and Raubuch (2002)
20,0.026737220479878848,0.0213,ATP,Joergensen and Raubuch (2002)
0,0.0,0.0,CO2,Tsai et al. (1997)
1,5.132742634489301,3.74073177577365,CO2,Tsai et al. (1997)
2,7.208984806272822,5.45508385675496,CO2,Tsai et al. (1997)
3,10.442057401119168,7.17019374614867,CO2,Tsai et al. (1997)
4,15.34635547756715,10.132277378168,CO2,Tsai et al. (1997)
5,25.08239042361119,52.0303677878641,CO2,Tsai et al. (1997)
6,26.451498588565958,77.1073848672288,CO2,Tsai et al. (1997)
7,38.58070406586428,83.6525761252399,CO2,Tsai et al. (1997)
8,50.000212416596575,87.8652330898438,CO2,Tsai et al. (1997)
9,53.93546846491313,89.8942651140796,CO2,Tsai et al. (1997)
10,60.67240628196552,91.6116484287105,CO2,Tsai et al. (1997)
11,70.54394338186198,94.4233070908658,CO2,Tsai et al. (1997)
12,87.67669028698984,98.8002190288602,CO2,Tsai et al. (1997)
13,101.11783686905936,103.801186194477,CO2,Tsai et al. (1997)
14,110.90398073704453,106.932261102464,CO2,Tsai et al. (1997)
15,117.4091207255254,109.28544567511,CO2,Tsai et al. (1997)
16,121.25557694160405,111.638630247755,CO2,Tsai et al. (1997)
17,123.19586546926982,113.213735032955,CO2,Tsai et al. (1997)
18,0.0,0.0,CO2,Tsai et al. (1997)
19,2.674908201673796,4.05143322486299,CO2,Tsai et al. (1997)
20,3.7527153774557904,6.85702941971901,CO2,Tsai et al. (1997)
21,5.425481495672357,7.48165300365042,CO2,Tsai et al. (1997)
22,7.948535517614055,9.97692665362334,CO2,Tsai et al. (1997)
23,12.898434321145722,30.2293564753607,CO2,Tsai et al. (1997)
24,13.587635201893733,34.9059816404644,CO2,Tsai et al. (1997)
25,19.61274479205326,36.9340664041847,CO2,Tsai et al. (1997)
26,25.14536850503456,39.9012652429878,CO2,Tsai et al. (1997)
27,27.019394210018,40.9959194947184,CO2,Tsai et al. (1997)
28,30.18851035143318,41.9342757613888,CO2,Tsai et al. (1997)
29,34.74334752196578,43.5002868456403,CO2,Tsai et al. (1997)
30,42.404889241168576,46.6315512057308,CO2,Tsai et al. (1997)
31,48.21278079386097,48.9851146825824,CO2,Tsai et al. (1997)
32,52.33993145816566,50.714622931812,CO2,Tsai et al. (1997)
33,55.041479635656856,52.2893488128062,CO2,Tsai et al. (1997)
34,56.63141406196852,53.8642641459035,CO2,Tsai et al. (1997)
35,57.45204185291002,54.971611688542,CO2,Tsai et al. (1997)
36,12.9858725977274,12.9858725977274,Flush,Tsai et al. (1997)
37,14.042173674559537,,Flush,Tsai et al. (1997)
38,14.454536430053757,,Flush,Tsai et al. (1997)
39,15.080741905173975,,Flush,Tsai et al. (1997)
40,15.996032953048035,,Flush,Tsai et al. (1997)
41,17.70218313787578,,Flush,Tsai et al. (1997)
42,17.931316479371677,26.3560289590225,Flush,Tsai et al. (1997)
43,19.857957396135536,29.321499740411,Flush,Tsai et al. (1997)
44,21.51919253221815,32.7028725697113,Flush,Tsai et al. (1997)
45,22.06061069446941,,Flush,Tsai et al. (1997)
46,22.952713128496548,26.8413290874437,Flush,Tsai et al. (1997)
47,24.18364786089906,20.9338985566151,Flush,Tsai et al. (1997)
48,26.111012643810454,,Flush,Tsai et al. (1997)
49,27.431657828575343,18.1461387477458,Flush,Tsai et al. (1997)
50,28.266943793607577,,Flush,Tsai et al. (1997)
51,28.714413423143814,14.6645602788316,Flush,Tsai et al. (1997)
52,28.803576496533616,,Flush,Tsai et al. (1997)
53,28.469726744451243,10.5365095038648,Flush,Tsai et al. (1997)
54,12.9858725977274,12.9858725977274,Flush,Tsai et al. (1997)
55,13.561595035566333,,Flush,Tsai et al. (1997)
56,13.786461720285953,,Flush,Tsai et al. (1997)
57,14.1278034524069,,Flush,Tsai et al. (1997)
58,14.625946583496216,,Flush,Tsai et al. (1997)
59,15.549841196721838,,Flush,Tsai et al. (1997)
60,15.673297732044732,17.160296856399,Flush,Tsai et al. (1997)
61,16.70429853113787,16.2436909005136,Flush,Tsai et al. (1997)
62,17.583022029767452,15.0499790577348,Flush,Tsai et al. (1997)
63,17.86772342282493,,Flush,Tsai et al. (1997)
64,18.33580904024068,20.926277739363,Flush,Tsai et al. (1997)
65,18.982146038535387,26.8033871462307,Flush,Tsai et al. (1997)
66,20.012183239689527,,Flush,Tsai et al. (1997)
67,20.757880788218625,17.9149199094135,Flush,Tsai et al. (1997)
68,21.26455979856095,,Flush,Tsai et al. (1997)
69,21.537098868783723,14.0634885861963,Flush,Tsai et al. (1997)
70,21.54267446232485,,Flush,Tsai et al. (1997)
71,21.258489838119765,10.4902981652079,Flush,Tsai et al. (1997)
72,0.013810376782768002,0.013810376782768,ATP,Tsai et al. (1997)
73,0.014465818070247508,,ATP,Tsai et al. (1997)
74,0.014728235690475213,,ATP,Tsai et al. (1997)
75,0.0151340951361085,,ATP,Tsai et al. (1997)
76,0.01574401934478408,,ATP,Tsai et al. (1997)
77,0.01693840466324457,,ATP,Tsai et al. (1997)
78,0.017104963358097386,0.03874822005741,ATP,Tsai et al. (1997)
79,0.01857056829132334,0.064444940442556,ATP,Tsai et al. (1997)
80,0.01994268729103431,0.061244434147775,ATP,Tsai et al. (1997)
81,0.020416005326364502,,ATP,Tsai et al. (1997)
82,0.021229227434620235,0.056981330379947,ATP,Tsai et al. (1997)
83,0.02243359009916059,0.059411658341433,ATP,Tsai et al. (1997)
84,0.024600616374314294,,ATP,Tsai et al. (1997)
85,0.026452324866737424,0.03099332097733,ATP,Tsai et al. (1997)
86,0.028003551454322744,,ATP,Tsai et al. (1997)
87,0.029267419278462232,0.023610514657686,ATP,Tsai et al. (1997)
88,0.0302285271441363,,ATP,Tsai et al. (1997)
89,0.03082093964091019,0.021751746038921,ATP,Tsai et al. (1997)
90,0.013810376782768002,0.013810094252198,ATP,Tsai et al. (1997)
91,0.014197176560228852,,ATP,Tsai et al. (1997)
92,0.014352249355922045,,ATP,Tsai et al. (1997)
93,0.014592202046158239,,ATP,Tsai et al. (1997)
94,0.014952836596466595,,ATP,Tsai et al. (1997)
95,0.01565811837958702,,ATP,Tsai et al. (1997)
96,0.015756301353602974,0.040235178446308,ATP,Tsai et al. (1997)
97,0.0166179196278618,0.035229019279886,ATP,Tsai et al. (1997)
98,0.017420900975113545,0.035004124946319,ATP,Tsai et al. (1997)
99,0.017697286718056923,,ATP,Tsai et al. (1997)
100,0.018171838442557268,0.030316377732071,ATP,Tsai et al. (1997)
101,0.018875160806964338,0.032215548222318,ATP,Tsai et al. (1997)
102,0.020150247929800875,,ATP,Tsai et al. (1997)
103,0.021260132311528835,0.019414088104333,ATP,Tsai et al. (1997)
104,0.022205370565546334,,ATP,Tsai et al. (1997)
105,0.02296861184166328,0.017767782474064,ATP,Tsai et al. (1997)
106,0.02351211589086617,,ATP,Tsai et al. (1997)
107,0.023802097501779133,0.018458287186674,ATP,Tsai et al. (1997)
0,0.0,0.0,CO2,Nannipieri et al. (1977)
1,15.9791930002692,0.370998851168327,CO2,Nannipieri et al. (1977)
2,32.397429133706204,35.4054964242677,CO2,Nannipieri et al. (1977)
3,65.66226708648846,84.2617087729283,CO2,Nannipieri et al. (1977)
4,82.00552085035935,92.1655100556649,CO2,Nannipieri et al. (1977)
5,126.76373044471839,110.509475979179,CO2,Nannipieri et al. (1977)
6,150.87379445042455,119.680053642258,CO2,Nannipieri et al. (1977)
7,182.68835817282093,141.816853780513,CO2,Nannipieri et al. (1977)
8,824.3227272727271,824.322727272727,W,Nannipieri et al. (1977)
9,862.8566647951851,837.861272727273,W,Nannipieri et al. (1977)
10,903.6977817704649,1137.01945454545,W,Nannipieri et al. (1977)
11,991.499218634365,1141.82345454545,W,Nannipieri et al. (1977)
12,1037.9360224956358,1155.362,W,Nannipieri et al. (1977)
13,1183.4582002649531,1366.738,W,Nannipieri et al. (1977)
14,1281.990800072926,1155.58036363636,W,Nannipieri et al. (1977)
15,1477.4642607087858,,W,Nannipieri et al. (1977)
16,0.08620395221932928,0.018547296495406,ATP,Nannipieri et al. (1977)
17,0.08741017408682428,0.024626414588149,ATP,Nannipieri et al. (1977)
18,0.08863881711578021,0.075747044120061,ATP,Nannipieri et al. (1977)
19,0.09108304347511402,0.117842864727202,ATP,Nannipieri et al. (1977)
20,0.09225418841473085,0.207382514621372,ATP,Nannipieri et al. (1977)
21,0.0953027928856688,0.197267771751176,ATP,Nannipieri et al. (1977)
22,0.09678631111277863,0.159875988451554,ATP,Nannipieri et al. (1977)
23,0.09831095207771881,0.108414953810265,ATP,Nannipieri et al. (1977)
0,0.0,0.0,CO2,Nannipieri et al. (1977)
1,17.04112856017997,0.244923483996411,CO2,Nannipieri et al. (1977)
2,34.39911116382503,27.587619117884,CO2,Nannipieri et al. (1977)
3,69.07801016736741,74.4266255917939,CO2,Nannipieri et al. (1977)
4,85.8615618190466,89.8949489048457,CO2,Nannipieri et al. (1977)
5,130.85398037705244,112.396992861585,CO2,Nannipieri et al. (1977)
6,154.38481257790852,124.341228602445,CO2,Nannipieri et al. (1977)
7,184.29360931824175,152.780124124679,CO2,Nannipieri et al. (1977)
8,835.2409090909092,835.240909090909,W,Nannipieri et al. (1977)
9,875.5428867496225,778.248,W,Nannipieri et al. (1977)
10,917.9963323404119,1031.98654545455,W,Nannipieri et al. (1977)
11,1008.411711365187,1116.71163636364,W,Nannipieri et al. (1977)
12,1055.7906077481935,948.571636363636,W,Nannipieri et al. (1977)
13,1202.4775467251309,1291.62090909091,W,Nannipieri et al. (1977)
14,1300.407412603189,1262.14181818182,W,Nannipieri et al. (1977)
15,1491.776104318332,,W,Nannipieri et al. (1977)
16,0.08477572892430825,0.019872432306206,ATP,Nannipieri et al. (1977)
17,0.08609066400109233,0.025421283542823,ATP,Nannipieri et al. (1977)
18,0.08741844176213762,0.054550184442409,ATP,Nannipieri et al. (1977)
19,0.09002319849055503,0.157585249801876,ATP,Nannipieri et al. (1977)
20,0.09125275469562277,0.149620620369681,ATP,Nannipieri et al. (1977)
21,0.09438933478845557,0.131557187952744,ATP,Nannipieri et al. (1977)
22,0.09587627344091855,0.107943487420483,ATP,Nannipieri et al. (1977)
23,0.09736453250143008,0.075295768251855,ATP,Nannipieri et al. (1977)
0,0.0,0.0,CO2,Nannipieri et al. (1977)
1,10.219528275873207,0.244521970088225,CO2,Nannipieri et al. (1977)
2,20.169010930756755,20.1487709408324,CO2,Nannipieri et al. (1977)
3,38.74684579562726,41.0146457216937,CO2,Nannipieri et al. (1977)
4,47.1530084859339,45.2622613564445,CO2,Nannipieri et al. (1977)
5,67.93656033261709,59.4457401632857,CO2,Nannipieri et al. (1977)
6,77.8274685049024,63.827059929464,CO2,Nannipieri et al. (1977)
7,89.34811227574777,78.611136623974,CO2,Nannipieri et al. (1977)
8,739.597636363636,739.597636363636,W,Nannipieri et al. (1977)
9,772.6320609167003,728.024363636364,W,Nannipieri et al. (1977)
10,806.2918954682482,897.037818181818,W,Nannipieri et al. (1977)
11,874.5560928005241,1036.79054545455,W,Nannipieri et al. (1977)
12,908.6921062741004,909.266181818182,W,Nannipieri et al. (1977)
13,1008.4799581878178,1035.69872727273,W,Nannipieri et al. (1977)
14,1070.936513937952,827.598181818182,W,Nannipieri et al. (1977)
15,1184.791325339516,,W,Nannipieri et al. (1977)
16,0.06271121502680303,0.022786951806678,ATP,Nannipieri et al. (1977)
17,0.06341851168152052,0.020652424034456,ATP,Nannipieri et al. (1977)
18,0.06410560921746682,0.064353568216722,ATP,Nannipieri et al. (1977)
19,0.06538339682621727,0.092407412397308,ATP,Nannipieri et al. (1977)
20,0.06595942555559477,0.114117182166925,ATP,Nannipieri et al. (1977)
21,0.06738492358035268,0.089428424915664,ATP,Nannipieri et al. (1977)
22,0.06807444073680664,,ATP,Nannipieri et al. (1977)
23,0.06885390132940081,0.070791510842035,ATP,Nannipieri et al. (1977)
