"Variable","Predictions","Observations","Study"
"CO2",0,0,"Blagodatskaya et al. (2014)"
"CO2",1.29877937819012,0.17541160608294,"Blagodatskaya et al. (2014)"
"CO2",2.47444932046075,0.539241652067532,"Blagodatskaya et al. (2014)"
"CO2",3.80306709328559,0.903432998991554,"Blagodatskaya et al. (2014)"
"CO2",5.54260602222413,1.45134587360493,"Blagodatskaya et al. (2014)"
"CO2",7.28400678582384,1.63127374143051,"Blagodatskaya et al. (2014)"
"CO2",9.44163285640657,2.17918661604387,"Blagodatskaya et al. (2014)"
"CO2",11.6121235536105,2.72746079159664,"Blagodatskaya et al. (2014)"
"CO2",14.0331215952243,3.27555431667971,"Blagodatskaya et al. (2014)"
"CO2",16.6109446998066,3.63938436266432,"Blagodatskaya et al. (2014)"
"CO2",19.4443311113049,4.37156071637616,"Blagodatskaya et al. (2014)"
"CO2",22.0902407330338,5.28854250059557,"Blagodatskaya et al. (2014)"
"CO2",24.8510887524042,6.20552428481498,"Blagodatskaya et al. (2014)"
"CO2",27.966574770218,7.30640824719342,"Blagodatskaya et al. (2014)"
"CO2",31.2068057289079,8.40729220957189,"Blagodatskaya et al. (2014)"
"CO2",34.4349100935798,10.2454107388139,"Blagodatskaya et al. (2014)"
"CO2",37.905781004751,11.8990851384877,"Blagodatskaya et al. (2014)"
"CO2",41.4865295903242,14.8426038918508,"Blagodatskaya et al. (2014)"
"CO2",44.8855709477566,18.5235378625472,"Blagodatskaya et al. (2014)"
"CO2",48.8136311785925,22.5724568400313,"Blagodatskaya et al. (2014)"
"CO2",52.5419678857274,28.4643719094395,"Blagodatskaya et al. (2014)"
"CO2",56.3544925394665,35.27760437434,"Blagodatskaya et al. (2014)"
"CO2",60.2447023049821,44.3019985884221,"Blagodatskaya et al. (2014)"
"CO2",64.5303064504454,53.8788219388601,"Blagodatskaya et al. (2014)"
"CO2",68.5683230911838,64.1930605066314,"Blagodatskaya et al. (2014)"
"CO2",72.6658046195018,76.9027243026826,"Blagodatskaya et al. (2014)"
"CO2",76.9872025678735,89.2436804900673,"Blagodatskaya et al. (2014)"
"CO2",81.3669416390287,96.6095227417935,"Blagodatskaya et al. (2014)"
"CO2",85.6242209416664,99.7374856247248,"Blagodatskaya et al. (2014)"
"CO2",90.0860339249279,102.312477419891,"Blagodatskaya et al. (2014)"
"CO2",94.2267895714852,104.150776599603,"Blagodatskaya et al. (2014)"
"CO2",99.0721365521685,106.172616656534,"Blagodatskaya et al. (2014)"
"CO2",103.053944279264,108.011096486715,"Blagodatskaya et al. (2014)"
"CO2",107.718856629054,109.848853715018,"Blagodatskaya et al. (2014)"
"CO2",112.188714942317,111.502528114692,"Blagodatskaya et al. (2014)"
"CO2",116.28424443004,112.788036857108,"Blagodatskaya et al. (2014)"
"CO2",120.675330823477,114.257447777684,"Blagodatskaya et al. (2014)"
"CO2",125.171374499887,115.726678047789,"Blagodatskaya et al. (2014)"
"CO2",129.263743215839,117.012006139736,"Blagodatskaya et al. (2014)"
"CO2",0,0,"Blagodatskaya et al. (2014)"
"CO2",1.11288781265446,0.579549493937988,"Blagodatskaya et al. (2014)"
"CO2",2.16749550248515,0.770631414101092,"Blagodatskaya et al. (2014)"
"CO2",3.47573879401633,1.15791703785436,"Blagodatskaya et al. (2014)"
"CO2",4.94321031745138,1.15299224609757,"Blagodatskaya et al. (2014)"
"CO2",6.59447841157531,1.93288226870144,"Blagodatskaya et al. (2014)"
"CO2",8.26178470534924,1.9283514602852,"Blagodatskaya et al. (2014)"
"CO2",10.3044880078973,2.51184078762864,"Blagodatskaya et al. (2014)"
"CO2",12.4162941746863,2.70311969946199,"Blagodatskaya et al. (2014)"
"CO2",14.6644412263709,3.28680601847572,"Blagodatskaya et al. (2014)"
"CO2",17.139868103636,3.87029534581915,"Blagodatskaya et al. (2014)"
"CO2",19.4414030330428,4.65057935176354,"Blagodatskaya et al. (2014)"
"CO2",22.1645988486608,5.23406867910696,"Blagodatskaya et al. (2014)"
"CO2",24.6774642946117,6.01435268505137,"Blagodatskaya et al. (2014)"
"CO2",27.7478057026951,7.38245983508516,"Blagodatskaya et al. (2014)"
"CO2",30.5830205630686,8.35875055294946,"Blagodatskaya et al. (2014)"
"CO2",33.639413724456,10.1196590935041,"Blagodatskaya et al. (2014)"
"CO2",36.9264561204058,12.0765743459786,"Blagodatskaya et al. (2014)"
"CO2",40.0559224761897,14.8186983961544,"Blagodatskaya et al. (2014)"
"CO2",43.4101149257221,17.75682915825,"Blagodatskaya et al. (2014)"
"CO2",46.7178565885133,21.8723791335569,"Blagodatskaya et al. (2014)"
"CO2",50.1085837167849,26.9689476268145,"Blagodatskaya et al. (2014)"
"CO2",53.8719096505981,33.830955469043,"Blagodatskaya et al. (2014)"
"CO2",57.5749135939461,41.6741788208927,"Blagodatskaya et al. (2014)"
"CO2",61.5093047354952,51.4792422169736,"Blagodatskaya et al. (2014)"
"CO2",65.2120265056656,62.2657181143459,"Blagodatskaya et al. (2014)"
"CO2",68.9783399711387,74.2294162332591,"Blagodatskaya et al. (2014)"
"CO2",72.9639805534356,85.996713656912,"Blagodatskaya et al. (2014)"
"CO2",77.1702341297674,95.8017770529929,"Blagodatskaya et al. (2014)"
"CO2",81.2667833714181,103.056389294072,"Blagodatskaya et al. (2014)"
"CO2",85.2408109932425,108.15295778733,"Blagodatskaya et al. (2014)"
"CO2",89.5836945599034,111.875706372116,"Blagodatskaya et al. (2014)"
"CO2",93.6194462072225,114.617830422291,"Blagodatskaya et al. (2014)"
"CO2",97.8421619340108,116.771146370026,"Blagodatskaya et al. (2014)"
"CO2",102.244136601316,119.120469029681,"Blagodatskaya et al. (2014)"
"CO2",106.307309108677,120.881574561906,"Blagodatskaya et al. (2014)"
"CO2",110.697883525894,122.838489814381,"Blagodatskaya et al. (2014)"
"CO2",114.562647890865,124.599792338276,"Blagodatskaya et al. (2014)"
"CO2",119.230182200979,126.16390620023,"Blagodatskaya et al. (2014)"
"DNA",2.4848630240651,2.4848630240651,"Blagodatskaya et al. (2014)"
"DNA",2.50705778714506,NA,"Blagodatskaya et al. (2014)"
"DNA",2.533909499372,NA,"Blagodatskaya et al. (2014)"
"DNA",2.56620271892787,NA,"Blagodatskaya et al. (2014)"
"DNA",2.61005692642441,NA,"Blagodatskaya et al. (2014)"
"DNA",2.65501226240625,NA,"Blagodatskaya et al. (2014)"
"DNA",2.71164391341965,NA,"Blagodatskaya et al. (2014)"
"DNA",2.76932957586149,NA,"Blagodatskaya et al. (2014)"
"DNA",2.83428147491061,NA,"Blagodatskaya et al. (2014)"
"DNA",2.90397022754379,NA,"Blagodatskaya et al. (2014)"
"DNA",2.98105325919183,NA,"Blagodatskaya et al. (2014)"
"DNA",3.05340174935877,2.65017752763535,"Blagodatskaya et al. (2014)"
"DNA",3.12920199598107,NA,"Blagodatskaya et al. (2014)"
"DNA",3.21505696488696,NA,"Blagodatskaya et al. (2014)"
"DNA",3.30465400011735,2.83546258786628,"Blagodatskaya et al. (2014)"
"DNA",3.39418252544872,NA,"Blagodatskaya et al. (2014)"
"DNA",3.49070523531852,NA,"Blagodatskaya et al. (2014)"
"DNA",3.59053719134708,NA,"Blagodatskaya et al. (2014)"
"DNA",3.68551964732949,NA,"Blagodatskaya et al. (2014)"
"DNA",3.79552688246235,3.36097963241646,"Blagodatskaya et al. (2014)"
"DNA",3.90016502754187,NA,"Blagodatskaya et al. (2014)"
"DNA",4.00737960477437,NA,"Blagodatskaya et al. (2014)"
"DNA",4.11699224690422,NA,"Blagodatskaya et al. (2014)"
"DNA",4.23798733350959,NA,"Blagodatskaya et al. (2014)"
"DNA",4.35221895324348,4.94527303274559,"Blagodatskaya et al. (2014)"
"DNA",4.46835462605839,NA,"Blagodatskaya et al. (2014)"
"DNA",4.59107773055591,NA,"Blagodatskaya et al. (2014)"
"DNA",4.71571054594106,NA,"Blagodatskaya et al. (2014)"
"DNA",4.83710456177893,NA,"Blagodatskaya et al. (2014)"
"DNA",4.96459450784288,NA,"Blagodatskaya et al. (2014)"
"DNA",5.08315637671342,NA,"Blagodatskaya et al. (2014)"
"DNA",5.22219949286467,NA,"Blagodatskaya et al. (2014)"
"DNA",5.33671566293973,NA,"Blagodatskaya et al. (2014)"
"DNA",5.47117613865736,NA,"Blagodatskaya et al. (2014)"
"DNA",5.60032440320887,NA,"Blagodatskaya et al. (2014)"
"DNA",5.71893072041671,NA,"Blagodatskaya et al. (2014)"
"DNA",5.84639478098257,6.58436114918147,"Blagodatskaya et al. (2014)"
"DNA",5.9772339749462,NA,"Blagodatskaya et al. (2014)"
"DNA",6.09662212343744,NA,"Blagodatskaya et al. (2014)"
"DNA",2.18459568856396,2.18459568856396,"Blagodatskaya et al. (2014)"
"DNA",2.20347599876719,NA,"Blagodatskaya et al. (2014)"
"DNA",2.22750819264593,NA,"Blagodatskaya et al. (2014)"
"DNA",2.25935245476482,NA,"Blagodatskaya et al. (2014)"
"DNA",2.29639942209246,NA,"Blagodatskaya et al. (2014)"
"DNA",2.33906055611616,NA,"Blagodatskaya et al. (2014)"
"DNA",2.38281580127559,NA,"Blagodatskaya et al. (2014)"
"DNA",2.43706422896254,NA,"Blagodatskaya et al. (2014)"
"DNA",2.49368510743297,NA,"Blagodatskaya et al. (2014)"
"DNA",2.55440879827768,NA,"Blagodatskaya et al. (2014)"
"DNA",2.62168225824773,NA,"Blagodatskaya et al. (2014)"
"DNA",2.68453713862285,NA,"Blagodatskaya et al. (2014)"
"DNA",2.759217702311,2.19195949425575,"Blagodatskaya et al. (2014)"
"DNA",2.82837881734514,NA,"Blagodatskaya et al. (2014)"
"DNA",2.91315556261524,NA,"Blagodatskaya et al. (2014)"
"DNA",2.99166857267489,2.20668710563933,"Blagodatskaya et al. (2014)"
"DNA",3.07652005161156,NA,"Blagodatskaya et al. (2014)"
"DNA",3.16799358336452,NA,"Blagodatskaya et al. (2014)"
"DNA",3.25527110443685,NA,"Blagodatskaya et al. (2014)"
"DNA",3.34900241593835,NA,"Blagodatskaya et al. (2014)"
"DNA",3.44161030614397,2.81051917236599,"Blagodatskaya et al. (2014)"
"DNA",3.53670999615186,NA,"Blagodatskaya et al. (2014)"
"DNA",3.64244886180583,NA,"Blagodatskaya et al. (2014)"
"DNA",3.74667834829564,NA,"Blagodatskaya et al. (2014)"
"DNA",3.85761545408672,NA,"Blagodatskaya et al. (2014)"
"DNA",3.96219910968821,4.09182136273722,"Blagodatskaya et al. (2014)"
"DNA",4.0687542148444,NA,"Blagodatskaya et al. (2014)"
"DNA",4.18170561898791,NA,"Blagodatskaya et al. (2014)"
"DNA",4.30112227835721,NA,"Blagodatskaya et al. (2014)"
"DNA",4.41763612732732,NA,"Blagodatskaya et al. (2014)"
"DNA",4.53086717496516,NA,"Blagodatskaya et al. (2014)"
"DNA",4.65483907610682,NA,"Blagodatskaya et al. (2014)"
"DNA",4.77026425292862,NA,"Blagodatskaya et al. (2014)"
"DNA",4.89126957140185,NA,"Blagodatskaya et al. (2014)"
"DNA",5.01767169650786,NA,"Blagodatskaya et al. (2014)"
"DNA",5.13458716545022,NA,"Blagodatskaya et al. (2014)"
"DNA",5.26119215842029,5.96222800845153,"Blagodatskaya et al. (2014)"
"DNA",5.37287263037492,NA,"Blagodatskaya et al. (2014)"
"DNA",5.50805623499518,NA,"Blagodatskaya et al. (2014)"
"14CO2",0,0,"Glanville et al. (2016)"
"14CO2",1.66842365875513e-09,4.04464262888989e-06,"Glanville et al. (2016)"
"14CO2",4.15539797575061e-09,6.87589246911281e-06,"Glanville et al. (2016)"
"14CO2",1.07887491002195e-08,1.02733922773803e-05,"Glanville et al. (2016)"
"14CO2",2.78963505961311e-08,1.25383921495586e-05,"Glanville et al. (2016)"
"14CO2",6.89638273350352e-08,1.43180349062702e-05,"Glanville et al. (2016)"
"14CO2",1.13287018765984e-07,1.53696419897816e-05,"Glanville et al. (2016)"
"14CO2",2.49873865091244e-07,1.72301775990709e-05,"Glanville et al. (2016)"
"14CO2",5.23890023791527e-07,1.93333917660937e-05,"Glanville et al. (2016)"
"14CO2",1.88538626301153e-06,2.37016058052947e-05,"Glanville et al. (2016)"
"14CO2",3.76730054113139e-06,2.66137484980955e-05,"Glanville et al. (2016)"
"14CO2",5.62139776966606e-06,2.88787483702738e-05,"Glanville et al. (2016)"
"14CO2",7.44807608846451e-06,3.12246410950299e-05,"Glanville et al. (2016)"
"14CO2",9.24773963777859e-06,3.33278552620527e-05,"Glanville et al. (2016)"
"14CO2",1.10207885279743e-05,3.50266051661864e-05,"Glanville et al. (2016)"
"14CO2",1.27676162432607e-05,3.6401783660009e-05,"Glanville et al. (2016)"
"kec",NA,NA,"Glanville et al. (2016)"
"kec",0.416137042387097,0.416509592049687,"Glanville et al. (2016)"
"kec",0.4160868194233,0.399135515184936,"Glanville et al. (2016)"
"kec",0.416039945665728,0.388452222774195,"Glanville et al. (2016)"
"kec",0.416063156059325,0.387109502202214,"Glanville et al. (2016)"
"kec",0.41604205653237,0.366397520399892,"Glanville et al. (2016)"
"kec",0.415984732320586,NA,"Glanville et al. (2016)"
"kec",0.415481396249789,0.365741491230364,"Glanville et al. (2016)"
"kec",0.406099896952239,0.35439646504862,"Glanville et al. (2016)"
"kec",0.23734089070118,0.28898679147067,"Glanville et al. (2016)"
"kec",0.237349684120408,0.285072008709025,"Glanville et al. (2016)"
"kec",0.237349683077192,0.277817894859441,"Glanville et al. (2016)"
"kec",0.237349683077308,0.25385999481832,"Glanville et al. (2016)"
"kec",0.237349683077214,0.254624411415858,"Glanville et al. (2016)"
"kec",0.237349683077204,0.254718537340182,"Glanville et al. (2016)"
"kec",0.237349683077202,0.287553510350286,"Glanville et al. (2016)"
"14MBC",NA,0,"Glanville et al. (2016)"
"14MBC",8.52434158833743e-09,4.64616855223386e-05,"Glanville et al. (2016)"
"14MBC",1.49895149557789e-08,4.41815078159653e-05,"Glanville et al. (2016)"
"14MBC",2.32977410005562e-08,4.31517501421192e-05,"Glanville et al. (2016)"
"14MBC",2.87424738547051e-08,3.99889230010207e-05,"Glanville et al. (2016)"
"14MBC",2.3705882443467e-08,3.97682606423394e-05,"Glanville et al. (2016)"
"14MBC",1.6058413967139e-08,3.88120570880538e-05,"Glanville et al. (2016)"
"14MBC",4.18347742091752e-09,3.71203123381639e-05,"Glanville et al. (2016)"
"14MBC",2.76220913086003e-10,NA,"Glanville et al. (2016)"
"14MBC",8.98811813391718e-12,2.7043397958385e-05,"Glanville et al. (2016)"
"14MBC",8.85595893403369e-12,2.60871944040994e-05,"Glanville et al. (2016)"
"14MBC",8.72499053863586e-12,2.43954496542095e-05,"Glanville et al. (2016)"
"14MBC",8.59595909526384e-12,2.18210554695944e-05,"Glanville et al. (2016)"
"14MBC",8.46883586171103e-12,2.16003931109131e-05,"Glanville et al. (2016)"
"14MBC",8.34359261823932e-12,2.10855142739901e-05,"Glanville et al. (2016)"
"14MBC",8.22020156630157e-12,2.3292137860803e-05,"Glanville et al. (2016)"
"14S",24.9791840133222,24.9791840133222,"Bremer and van Kessel (1990)"
"14S",19.3489263010869,14.3592914088559,"Bremer and van Kessel (1990)"
"14S",14.8195185738908,4.48727856526747,"Bremer and van Kessel (1990)"
"14S",8.37669393734433,0.179491142610698,"Bremer and van Kessel (1990)"
"14S",0.634838096774049,0,"Bremer and van Kessel (1990)"
"14S",0.00284362925529117,0,"Bremer and van Kessel (1990)"
"14S",24.9791840133222,24.9791840133222,"Bremer and van Kessel (1990)"
"14S",19.3489263010869,13.9329999451555,"Bremer and van Kessel (1990)"
"14S",14.8195185738908,1.45836553371193,"Bremer and van Kessel (1990)"
"14S",8.37669393734433,0,"Bremer and van Kessel (1990)"
"14S",0.634838096774049,0,"Bremer and van Kessel (1990)"
"14S",0.00284362925529117,0,"Bremer and van Kessel (1990)"
"14CO2",0,0,"Bremer and van Kessel (1990)"
"14CO2",1.24451555944854,1.22670052184236,"Bremer and van Kessel (1990)"
"14CO2",3.44237231508065,3.957098457556,"Bremer and van Kessel (1990)"
"14CO2",8.05697475302706,7.71634199223419,"Bremer and van Kessel (1990)"
"14CO2",15.8601517675952,9.16068292924213,"Bremer and van Kessel (1990)"
"14CO2",16.8675487004475,10.4071689433723,"Bremer and van Kessel (1990)"
"14CO2",0,0,"Bremer and van Kessel (1990)"
"14CO2",1.24451555944854,1.20691502955458,"Bremer and van Kessel (1990)"
"14CO2",3.44237231508065,4.0560259189949,"Bremer and van Kessel (1990)"
"14CO2",8.05697475302706,7.18213370046413,"Bremer and van Kessel (1990)"
"14CO2",15.8601517675952,8.88368603721322,"Bremer and van Kessel (1990)"
"14CO2",16.8675487004475,9.51682179042218,"Bremer and van Kessel (1990)"
"kec",NA,NA,"Bremer and van Kessel (1990)"
"kec",0.394748115473681,0.409727626459144,"Bremer and van Kessel (1990)"
"kec",0.373475021167445,0.389494163424124,"Bremer and van Kessel (1990)"
"kec",0.333539578563592,0.360311284046693,"Bremer and van Kessel (1990)"
"kec",0.249043681059242,0.33852140077821,"Bremer and van Kessel (1990)"
"kec",0.23740673185762,0.327237354085603,"Bremer and van Kessel (1990)"
"kec",NA,NA,"Bremer and van Kessel (1990)"
"kec",0.394748115473681,0.5,"Bremer and van Kessel (1990)"
"kec",0.373475021167445,0.447470817120623,"Bremer and van Kessel (1990)"
"kec",0.333539578563592,0.378599221789883,"Bremer and van Kessel (1990)"
"kec",0.249043681059242,0.359143968871595,"Bremer and van Kessel (1990)"
"kec",0.23740673185762,0.327237354085603,"Bremer and van Kessel (1990)"
"14MBC",0,0,"Bremer and van Kessel (1990)"
"14MBC",4.38574214662545,9.36719400499584,"Bremer and van Kessel (1990)"
"14MBC",6.71729312663885,16.5257022656558,"Bremer and van Kessel (1990)"
"14MBC",8.5455153975881,17.0778737017398,"Bremer and van Kessel (1990)"
"14MBC",8.48419429709198,15.7171655199614,"Bremer and van Kessel (1990)"
"14MBC",8.21921476850602,14.5536614224988,"Bremer and van Kessel (1990)"
"14MBC",0,0,"Bremer and van Kessel (1990)"
"14MBC",4.38574214662545,9.68272053990096,"Bremer and van Kessel (1990)"
"14MBC",6.71729312663885,19.2865594460756,"Bremer and van Kessel (1990)"
"14MBC",8.5455153975881,17.4525614619396,"Bremer and van Kessel (1990)"
"14MBC",8.48419429709198,15.9735308295718,"Bremer and van Kessel (1990)"
"14MBC",8.21921476850602,15.3621981681932,"Bremer and van Kessel (1990)"
"S",26.3762340526799,26.3762340526799,"Santruckova et al. (2004)"
"S",20.0960295396004,15.7599687151346,"Santruckova et al. (2004)"
"S",15.0595703175269,5.93915538888555,"Santruckova et al. (2004)"
"S",11.0785934203338,0,"Santruckova et al. (2004)"
"S",4.02255791864464,0,"Santruckova et al. (2004)"
"S",1.3453105904177,0,"Santruckova et al. (2004)"
"14CO2",0,0,"Santruckova et al. (2004)"
"14CO2",1.64870995631894,1.70049820678914,"Santruckova et al. (2004)"
"14CO2",4.42885411072489,3.52349134514819,"Santruckova et al. (2004)"
"14CO2",7.26780697744566,5.39824551529388,"Santruckova et al. (2004)"
"14CO2",13.4009829108687,6.52776419476551,"Santruckova et al. (2004)"
"14CO2",16.1057181628358,6.96725543596791,"Santruckova et al. (2004)"
"kec",NA,NA,"Santruckova et al. (2004)"
"kec",0.387990182647549,0.376888928319164,"Santruckova et al. (2004)"
"kec",0.361276738150864,0.313197925317231,"Santruckova et al. (2004)"
"kec",0.336926000113738,0.264466481219235,"Santruckova et al. (2004)"
"kec",0.282261606077763,0.229388679293737,"Santruckova et al. (2004)"
"kec",0.254371789619961,0.218842607856539,"Santruckova et al. (2004)"
"14MBC",NA,0,"Santruckova et al. (2004)"
"14MBC",1.79697441495377,3.68010348725476,"Santruckova et al. (2004)"
"14MBC",2.48840540038778,4.56277091245275,"Santruckova et al. (2004)"
"14MBC",2.70545975216437,4.81983260464175,"Santruckova et al. (2004)"
"14MBC",2.52700159476098,4.428161906393,"Santruckova et al. (2004)"
"14MBC",2.27032046416408,4.14456385728253,"Santruckova et al. (2004)"
"CO2",0,0,"Nannipieri et al. (1977)"
"CO2",1.02922251575482,0,"Nannipieri et al. (1977)"
"CO2",3.09555196345681,0.384551691342442,"Nannipieri et al. (1977)"
"CO2",9.50568445792137,52.5745612524227,"Nannipieri et al. (1977)"
"CO2",13.8732595483823,75.7034857100975,"Nannipieri et al. (1977)"
"CO2",32.6745951991767,92.1956114948314,"Nannipieri et al. (1977)"
"CO2",50.9607839567704,102.355335548251,"Nannipieri et al. (1977)"
"CO2",102.992837987848,116.764874296933,"Nannipieri et al. (1977)"
"CO2",0,0,"Nannipieri et al. (1977)"
"CO2",1.05811494060413,0,"Nannipieri et al. (1977)"
"CO2",3.18213212772945,0.222844870829981,"Nannipieri et al. (1977)"
"CO2",9.76866107035488,37.1755019642741,"Nannipieri et al. (1977)"
"CO2",14.25390205228,59.5969590822069,"Nannipieri et al. (1977)"
"CO2",33.5317200548588,98.7289185801011,"Nannipieri et al. (1977)"
"CO2",52.2197173839648,111.679842970192,"Nannipieri et al. (1977)"
"CO2",104.828204479161,132.58548451754,"Nannipieri et al. (1977)"
"CO2",0,0,"Nannipieri et al. (1977)"
"CO2",0.872376918518348,0,"Nannipieri et al. (1977)"
"CO2",2.60935223041453,0.066411098812493,"Nannipieri et al. (1977)"
"CO2",7.67301715727711,21.7729273104623,"Nannipieri et al. (1977)"
"CO2",10.8598042999568,31.2341100691709,"Nannipieri et al. (1977)"
"CO2",22.8037304959986,36.600103529515,"Nannipieri et al. (1977)"
"CO2",32.4972687883233,43.6083022657728,"Nannipieri et al. (1977)"
"CO2",54.2927071882376,48.5593102765998,"Nannipieri et al. (1977)"
"ATP",0.001904644943467,0.001904644943467,"Nannipieri et al. (1977)"
"ATP",0.00296149839975911,0.002467990630971,"Nannipieri et al. (1977)"
"ATP",0.0039112504472026,0.007618579773867,"Nannipieri et al. (1977)"
"ATP",0.00598974736593553,0.011776607467351,"Nannipieri et al. (1977)"
"ATP",0.00723240870071266,0.020790138467419,"Nannipieri et al. (1977)"
"ATP",0.0121479480151434,0.019743925047768,"Nannipieri et al. (1977)"
"ATP",0.016481134455322,0.015988287131073,"Nannipieri et al. (1977)"
"ATP",0.0258242641308541,0.010837697988177,"Nannipieri et al. (1977)"
"ATP",0.001958296913705,0.001958296913705,"Nannipieri et al. (1977)"
"ATP",0.00304476402947389,0.002628946541687,"Nannipieri et al. (1977)"
"ATP",0.00402074184969458,0.005499326949446,"Nannipieri et al. (1977)"
"ATP",0.00615470083161835,0.015773679250119,"Nannipieri et al. (1977)"
"ATP",0.00742893734171673,0.014968899696542,"Nannipieri et al. (1977)"
"ATP",0.0124537025590454,0.013198384678671,"Nannipieri et al. (1977)"
"ATP",0.0168534430126891,0.010837697988177,"Nannipieri et al. (1977)"
"ATP",0.0261242378286349,0.007538101818509,"Nannipieri et al. (1977)"
"ATP",0.002307034720256,0.002307034720256,"Nannipieri et al. (1977)"
"ATP",0.00317122686401416,0.002119252824421,"Nannipieri et al. (1977)"
"ATP",0.00389641057722509,0.00643823642862,"Nannipieri et al. (1977)"
"ATP",0.0053016507789701,0.009228138881022,"Nannipieri et al. (1977)"
"ATP",0.00604711089135997,0.011427869660801,"Nannipieri et al. (1977)"
"ATP",0.00852852199555679,0.008986705014949,"Nannipieri et al. (1977)"
"ATP",0.0102881981884951,NA,"Nannipieri et al. (1977)"
"ATP",0.0133542690179586,0.007108886056601,"Nannipieri et al. (1977)"
"CO2",0,0,"Tsai et al. (1997)"
"CO2",5.13980739812337,3.74073177577365,"Tsai et al. (1997)"
"CO2",7.96230064066092,5.45508385675496,"Tsai et al. (1997)"
"CO2",13.0287233433279,7.17019374614867,"Tsai et al. (1997)"
"CO2",22.0162665306538,10.132277378168,"Tsai et al. (1997)"
"CO2",43.2149472695096,52.0303677878641,"Tsai et al. (1997)"
"CO2",46.4259211672072,77.1073848672288,"Tsai et al. (1997)"
"CO2",74.7837547090754,83.6525761252399,"Tsai et al. (1997)"
"CO2",96.2801164410715,87.8652330898438,"Tsai et al. (1997)"
"CO2",101.615042537767,89.8942651140796,"Tsai et al. (1997)"
"CO2",108.226157660238,91.6116484287105,"Tsai et al. (1997)"
"CO2",113.381104511411,94.4233070908658,"Tsai et al. (1997)"
"CO2",115.932113263803,98.8002190288602,"Tsai et al. (1997)"
"CO2",116.27060977254,103.801186194477,"Tsai et al. (1997)"
"CO2",116.479701056511,106.932261102464,"Tsai et al. (1997)"
"CO2",116.688219846297,109.28544567511,"Tsai et al. (1997)"
"CO2",116.896287320935,111.638630247755,"Tsai et al. (1997)"
"CO2",117.103911906103,113.213735032955,"Tsai et al. (1997)"
"CO2",0,0,"Tsai et al. (1997)"
"CO2",4.08368366280972,4.05143322486299,"Tsai et al. (1997)"
"CO2",6.12032474729534,6.85702941971901,"Tsai et al. (1997)"
"CO2",9.60441907200327,7.48165300365042,"Tsai et al. (1997)"
"CO2",15.3963050075665,9.97692665362334,"Tsai et al. (1997)"
"CO2",27.5760005777691,30.2293564753607,"Tsai et al. (1997)"
"CO2",29.2663957840133,34.9059816404644,"Tsai et al. (1997)"
"CO2",42.7779934222168,36.9340664041847,"Tsai et al. (1997)"
"CO2",51.8177015812773,39.9012652429878,"Tsai et al. (1997)"
"CO2",54.0144070435952,40.9959194947184,"Tsai et al. (1997)"
"CO2",56.816286044748,41.9342757613888,"Tsai et al. (1997)"
"CO2",59.2259910990269,43.5002868456403,"Tsai et al. (1997)"
"CO2",60.7513420292376,46.6315512057308,"Tsai et al. (1997)"
"CO2",61.0443860317743,48.9851146825824,"Tsai et al. (1997)"
"CO2",61.1944904470714,50.714622931812,"Tsai et al. (1997)"
"CO2",61.3436211647543,52.2893488128062,"Tsai et al. (1997)"
"CO2",61.4923418044736,53.8642641459035,"Tsai et al. (1997)"
"CO2",61.6407329696283,54.971611688542,"Tsai et al. (1997)"
"Flush",12.9858725977274,12.9858725977274,"Tsai et al. (1997)"
"Flush",18.093367894897,NA,"Tsai et al. (1997)"
"Flush",19.8241523062183,NA,"Tsai et al. (1997)"
"Flush",22.2433720014827,NA,"Tsai et al. (1997)"
"Flush",25.3823952013422,NA,"Tsai et al. (1997)"
"Flush",29.8466948137673,NA,"Tsai et al. (1997)"
"Flush",30.267904401641,26.3560289590225,"Tsai et al. (1997)"
"Flush",31.4062752046047,29.321499740411,"Tsai et al. (1997)"
"Flush",28.9341179071323,32.7028725697113,"Tsai et al. (1997)"
"Flush",27.8037450900023,NA,"Tsai et al. (1997)"
"Flush",26.0699705890977,26.8413290874437,"Tsai et al. (1997)"
"Flush",24.4142230655859,20.9338985566151,"Tsai et al. (1997)"
"Flush",23.4581377086677,NA,"Tsai et al. (1997)"
"Flush",23.3309722088135,18.1461387477458,"Tsai et al. (1997)"
"Flush",23.2767563213331,NA,"Tsai et al. (1997)"
"Flush",23.2268679314854,14.6645602788316,"Tsai et al. (1997)"
"Flush",23.1774511061971,NA,"Tsai et al. (1997)"
"Flush",23.1281689872432,10.5365095038648,"Tsai et al. (1997)"
"Flush",12.9858725977274,12.9858725977274,"Tsai et al. (1997)"
"Flush",15.7561109302982,NA,"Tsai et al. (1997)"
"Flush",16.6283430186914,NA,"Tsai et al. (1997)"
"Flush",17.7610937458549,NA,"Tsai et al. (1997)"
"Flush",19.0338701758922,NA,"Tsai et al. (1997)"
"Flush",20.2619354825948,NA,"Tsai et al. (1997)"
"Flush",20.3169043084417,17.160296856399,"Tsai et al. (1997)"
"Flush",19.888897988675,16.2436909005136,"Tsai et al. (1997)"
"Flush",18.7347870532886,15.0499790577348,"Tsai et al. (1997)"
"Flush",18.3382193145154,NA,"Tsai et al. (1997)"
"Flush",17.7564420156211,20.926277739363,"Tsai et al. (1997)"
"Flush",17.1764552756792,26.8033871462307,"Tsai et al. (1997)"
"Flush",16.7592039685664,NA,"Tsai et al. (1997)"
"Flush",16.6743760333413,17.9149199094135,"Tsai et al. (1997)"
"Flush",16.6360650018834,NA,"Tsai et al. (1997)"
"Flush",16.6002557373194,14.0634885861963,"Tsai et al. (1997)"
"Flush",16.5648964943429,NA,"Tsai et al. (1997)"
"Flush",16.5296672204068,10.4902981652079,"Tsai et al. (1997)"
"ATP",0.013810376782768,0.013810376782768,"Tsai et al. (1997)"
"ATP",0.0172567458192149,NA,"Tsai et al. (1997)"
"ATP",0.0185096638562039,NA,"Tsai et al. (1997)"
"ATP",0.0203491550495055,NA,"Tsai et al. (1997)"
"ATP",0.0229258144339633,NA,"Tsai et al. (1997)"
"ATP",0.0272520759415008,NA,"Tsai et al. (1997)"
"ATP",0.0277554333165913,0.03874822005741,"Tsai et al. (1997)"
"ATP",0.0306620440759513,0.064444940442556,"Tsai et al. (1997)"
"ATP",0.0308759317710142,0.061244434147775,"Tsai et al. (1997)"
"ATP",0.0306200913230141,NA,"Tsai et al. (1997)"
"ATP",0.0301029719867783,0.056981330379947,"Tsai et al. (1997)"
"ATP",0.0295143712602012,0.059411658341433,"Tsai et al. (1997)"
"ATP",0.0291285999158099,NA,"Tsai et al. (1997)"
"ATP",0.0290587407728983,0.03099332097733,"Tsai et al. (1997)"
"ATP",0.0289992544143276,NA,"Tsai et al. (1997)"
"ATP",0.0289377702989577,0.023610514657686,"Tsai et al. (1997)"
"ATP",0.0288762560395894,NA,"Tsai et al. (1997)"
"ATP",0.0288148606214064,0.021751746038921,"Tsai et al. (1997)"
"ATP",0.013810376782768,0.013810094252198,"Tsai et al. (1997)"
"ATP",0.0157811653112042,NA,"Tsai et al. (1997)"
"ATP",0.0164607050541425,NA,"Tsai et al. (1997)"
"ATP",0.017409151203846,NA,"Tsai et al. (1997)"
"ATP",0.0186222974082739,NA,"Tsai et al. (1997)"
"ATP",0.0203103066356177,NA,"Tsai et al. (1997)"
"ATP",0.0204757406987572,0.040235178446308,"Tsai et al. (1997)"
"ATP",0.021280408841514,0.035229019279886,"Tsai et al. (1997)"
"ATP",0.0212996181466433,0.035004124946319,"Tsai et al. (1997)"
"ATP",0.021234372905503,NA,"Tsai et al. (1997)"
"ATP",0.0211047801682451,0.030316377732071,"Tsai et al. (1997)"
"ATP",0.0209430886355768,0.032215548222318,"Tsai et al. (1997)"
"ATP",0.0208024157266747,NA,"Tsai et al. (1997)"
"ATP",0.0207623886888107,0.019414088104333,"Tsai et al. (1997)"
"ATP",0.0207247618342004,NA,"Tsai et al. (1997)"
"ATP",0.0206816319926135,0.017767782474064,"Tsai et al. (1997)"
"ATP",0.020637792813253,NA,"Tsai et al. (1997)"
"ATP",0.0205939321761829,0.018458287186674,"Tsai et al. (1997)"
"S",133.217877839206,133.217877839206,"Joergensen and Raubuch (2002)"
"S",119.921208361528,107.910074937552,"Joergensen and Raubuch (2002)"
"S",106.544774316555,65.0291423813489,"Joergensen and Raubuch (2002)"
"S",78.9433540869504,54.3713572023314,"Joergensen and Raubuch (2002)"
"S",29.7175073448749,2.41465445462115,"Joergensen and Raubuch (2002)"
"S",1.04728862266932,0,"Joergensen and Raubuch (2002)"
"S",0.000513193825706955,0,"Joergensen and Raubuch (2002)"
"Flush",5.69525395503747,5.69525395503747,"Joergensen and Raubuch (2002)"
"Flush",9.8823927176508,13.2639467110741,"Joergensen and Raubuch (2002)"
"Flush",12.7699581051062,17.3480432972523,"Joergensen and Raubuch (2002)"
"Flush",16.8502643945419,17.5728559533722,"Joergensen and Raubuch (2002)"
"Flush",20.1363676042562,17.0857618651124,"Joergensen and Raubuch (2002)"
"Flush",16.8426145670149,11.0907577019151,"Joergensen and Raubuch (2002)"
"Flush",16.2649656911445,13.3388842631141,"Joergensen and Raubuch (2002)"
"ATP",0.00709558767409555,0.0114,"Joergensen and Raubuch (2002)"
"ATP",0.00980485617041278,0.0118,"Joergensen and Raubuch (2002)"
"ATP",0.0119440153825764,0.0146,"Joergensen and Raubuch (2002)"
"ATP",0.015526556257107,0.0156,"Joergensen and Raubuch (2002)"
"ATP",0.0201472021883715,0.0236,"Joergensen and Raubuch (2002)"
"ATP",0.0205191076756638,0.0253,"Joergensen and Raubuch (2002)"
"ATP",0.0202638587175953,0.0213,"Joergensen and Raubuch (2002)"
"S",49.9583680266445,49.9583680266445,"Marstorp and Witter (1999)"
"S",48.0457634961922,NA,"Marstorp and Witter (1999)"
"S",45.8600577116749,39.8509263670649,"Marstorp and Witter (1999)"
"S",43.7147848284658,NA,"Marstorp and Witter (1999)"
"S",41.9044758322993,30.723060551145,"Marstorp and Witter (1999)"
"S",40.1192414130658,NA,"Marstorp and Witter (1999)"
"S",38.9430374364156,NA,"Marstorp and Witter (1999)"
"S",37.488927501725,30.500429677586,"Marstorp and Witter (1999)"
"S",36.6253830753587,NA,"Marstorp and Witter (1999)"
"S",36.0535375844315,NA,"Marstorp and Witter (1999)"
"S",35.2017287892648,NA,"Marstorp and Witter (1999)"
"S",34.3573101008161,NA,"Marstorp and Witter (1999)"
"S",33.7986104377768,19.5915168731939,"Marstorp and Witter (1999)"
"S",32.9671513609564,NA,"Marstorp and Witter (1999)"
"S",31.3291009095115,NA,"Marstorp and Witter (1999)"
"S",30.7907993209129,NA,"Marstorp and Witter (1999)"
"S",29.9909099540327,0.890523494236081,"Marstorp and Witter (1999)"
"S",28.6787300718829,NA,"Marstorp and Witter (1999)"
"S",27.6487138728403,NA,"Marstorp and Witter (1999)"
"S",27.1405378718986,NA,"Marstorp and Witter (1999)"
"S",26.387068401867,0.890523494236081,"Marstorp and Witter (1999)"
"S",25.1554625975832,NA,"Marstorp and Witter (1999)"
"S",23.9551939291402,NA,"Marstorp and Witter (1999)"
"S",22.5579045681108,NA,"Marstorp and Witter (1999)"
"S",20.9893428535378,NA,"Marstorp and Witter (1999)"
"S",19.9108370056683,NA,"Marstorp and Witter (1999)"
"S",18.0599285679029,NA,"Marstorp and Witter (1999)"
"S",15.2390963181667,0.890523494236081,"Marstorp and Witter (1999)"
"S",11.5559791317871,NA,"Marstorp and Witter (1999)"
"S",6.41369753081289,NA,"Marstorp and Witter (1999)"
"S",2.39705970234761,NA,"Marstorp and Witter (1999)"
"S",1.44603038815949,NA,"Marstorp and Witter (1999)"
"S",0.866114147756723,NA,"Marstorp and Witter (1999)"
"S",0.30725781445991,NA,"Marstorp and Witter (1999)"
"S",0.185328424401663,NA,"Marstorp and Witter (1999)"
"S",0.109998703632884,NA,"Marstorp and Witter (1999)"
"S",0.0642676364572412,NA,"Marstorp and Witter (1999)"
"S",0.0381243987687912,NA,"Marstorp and Witter (1999)"
"CO2",0,0,"Marstorp and Witter (1999)"
"CO2",0.44734104719099,0.452286324336208,"Marstorp and Witter (1999)"
"CO2",1.1728051399284,0.88291728360809,"Marstorp and Witter (1999)"
"CO2",2.05789861565322,1.68563365490508,"Marstorp and Witter (1999)"
"CO2",2.91015231523397,2.16226899588018,"Marstorp and Witter (1999)"
"CO2",3.82727940169488,3.12819070962551,"Marstorp and Witter (1999)"
"CO2",4.46685122521774,3.90150637974262,"Marstorp and Witter (1999)"
"CO2",5.29117716402952,4.5026479734382,"Marstorp and Witter (1999)"
"CO2",5.79654769573437,4.94716465896421,"Marstorp and Witter (1999)"
"CO2",6.13718076597607,5.57639626548947,"Marstorp and Witter (1999)"
"CO2",6.65287227600052,6.28454749225833,"Marstorp and Witter (1999)"
"CO2",7.17332549229617,7.08858916631662,"Marstorp and Witter (1999)"
"CO2",7.5224579780905,9.08960974835736,"Marstorp and Witter (1999)"
"CO2",8.0487300322205,10.0719443685663,"Marstorp and Witter (1999)"
"CO2",9.10748704120522,11.788323391769,"Marstorp and Witter (1999)"
"CO2",9.46140997900332,13.0753652916,"Marstorp and Witter (1999)"
"CO2",9.99251111441988,15.9100332954514,"Marstorp and Witter (1999)"
"CO2",10.8766475807218,17.1384316470531,"Marstorp and Witter (1999)"
"CO2",11.5814106040811,18.2568937242201,"Marstorp and Witter (1999)"
"CO2",11.9324830713143,18.6286763782572,"Marstorp and Witter (1999)"
"CO2",12.457016251986,18.9886512248086,"Marstorp and Witter (1999)"
"CO2",13.324487466804,19.4785374076894,"Marstorp and Witter (1999)"
"CO2",14.1816812829442,19.8137256338485,"Marstorp and Witter (1999)"
"CO2",15.1940213744486,20.080245369997,"Marstorp and Witter (1999)"
"CO2",16.3488449794756,20.4288507367333,"Marstorp and Witter (1999)"
"CO2",17.1542067434121,20.7140305918846,"Marstorp and Witter (1999)"
"CO2",18.558216740759,21.3279218916883,"Marstorp and Witter (1999)"
"CO2",20.753137088385,21.9868409387447,"Marstorp and Witter (1999)"
"CO2",23.7282003071582,22.8190013590512,"Marstorp and Witter (1999)"
"CO2",28.1297777239231,24.5978713407985,"Marstorp and Witter (1999)"
"CO2",31.8405627544313,26.8239405427161,"Marstorp and Witter (1999)"
"CO2",32.7711277643757,28.3257141237315,"Marstorp and Witter (1999)"
"CO2",33.3546442026873,29.6443285260132,"Marstorp and Witter (1999)"
"CO2",33.9402521395153,31.0798576642806,"Marstorp and Witter (1999)"
"CO2",34.0768321965019,31.894281230745,"Marstorp and Witter (1999)"
"CO2",34.167133078284,32.7895750715288,"Marstorp and Witter (1999)"
"CO2",34.2280386656904,33.5955492807936,"Marstorp and Witter (1999)"
"CO2",34.2706746975471,34.3427724688663,"Marstorp and Witter (1999)"
"DNA",1.05634021338326,1.05634021338326,"Marstorp and Witter (1999)"
"DNA",1.06723980965535,NA,"Marstorp and Witter (1999)"
"DNA",1.08632124743854,1.05106510620032,"Marstorp and Witter (1999)"
"DNA",1.11039966813104,NA,"Marstorp and Witter (1999)"
"DNA",1.13397450120926,1.1038161780297,"Marstorp and Witter (1999)"
"DNA",1.15959134611738,NA,"Marstorp and Witter (1999)"
"DNA",1.17755955708968,NA,"Marstorp and Witter (1999)"
"DNA",1.20081120832638,1.14074192831026,"Marstorp and Witter (1999)"
"DNA",1.2151078247701,NA,"Marstorp and Witter (1999)"
"DNA",1.22475926828056,NA,"Marstorp and Witter (1999)"
"DNA",1.23939133833257,NA,"Marstorp and Witter (1999)"
"DNA",1.25418090329684,NA,"Marstorp and Witter (1999)"
"DNA",1.26411340719141,1.33592089407895,"Marstorp and Witter (1999)"
"DNA",1.27910087488988,NA,"Marstorp and Witter (1999)"
"DNA",1.30930242660919,NA,"Marstorp and Witter (1999)"
"DNA",1.31941136630654,NA,"Marstorp and Witter (1999)"
"DNA",1.334591988927,1.62605178914052,"Marstorp and Witter (1999)"
"DNA",1.35989028778644,NA,"Marstorp and Witter (1999)"
"DNA",1.38007768155118,NA,"Marstorp and Witter (1999)"
"DNA",1.39014043184507,NA,"Marstorp and Witter (1999)"
"DNA",1.40518266086293,1.59967625322583,"Marstorp and Witter (1999)"
"DNA",1.43007810210035,NA,"Marstorp and Witter (1999)"
"DNA",1.45469963005685,NA,"Marstorp and Witter (1999)"
"DNA",1.48380203546655,NA,"Marstorp and Witter (1999)"
"DNA",1.51703003675366,NA,"Marstorp and Witter (1999)"
"DNA",1.54021994014451,NA,"Marstorp and Witter (1999)"
"DNA",1.58067791933394,NA,"Marstorp and Witter (1999)"
"DNA",1.64399421302594,1.66297753942108,"Marstorp and Witter (1999)"
"DNA",1.72991414476347,NA,"Marstorp and Witter (1999)"
"DNA",1.85706397226169,1.68407796815283,"Marstorp and Witter (1999)"
"DNA",1.96357733417316,NA,"Marstorp and Witter (1999)"
"DNA",1.98975887076583,NA,"Marstorp and Witter (1999)"
"DNA",2.00573695205532,NA,"Marstorp and Witter (1999)"
"DNA",2.0205696705131,NA,"Marstorp and Witter (1999)"
"DNA",2.02341619616737,NA,"Marstorp and Witter (1999)"
"DNA",2.02486186529577,NA,"Marstorp and Witter (1999)"
"DNA",2.02540465594698,NA,"Marstorp and Witter (1999)"
"DNA",2.02527774036878,1.52054964548177,"Marstorp and Witter (1999)"
"Flush",5.12681379749086,5.12681379749086,"Marstorp and Witter (1999)"
"Flush",5.70193797072371,NA,"Marstorp and Witter (1999)"
"Flush",6.24895182425272,12.1158807712858,"Marstorp and Witter (1999)"
"Flush",6.69681551047374,NA,"Marstorp and Witter (1999)"
"Flush",7.02054801011037,8.62224055417119,"Marstorp and Witter (1999)"
"Flush",7.30035339167014,NA,"Marstorp and Witter (1999)"
"Flush",7.46653590695703,NA,"Marstorp and Witter (1999)"
"Flush",7.6546819943541,4.10335776089026,"Marstorp and Witter (1999)"
"Flush",7.75827351718815,NA,"Marstorp and Witter (1999)"
"Flush",7.82380131284908,NA,"Marstorp and Witter (1999)"
"Flush",7.91714686759728,NA,"Marstorp and Witter (1999)"
"Flush",8.00493441632703,NA,"Marstorp and Witter (1999)"
"Flush",8.06056042363761,9.01153604298798,"Marstorp and Witter (1999)"
"Flush",8.13990370069137,NA,"Marstorp and Witter (1999)"
"Flush",8.28493497127914,NA,"Marstorp and Witter (1999)"
"Flush",8.3295173473631,NA,"Marstorp and Witter (1999)"
"Flush",8.39309852939418,5.22589248831045,"Marstorp and Witter (1999)"
"Flush",8.49077885459016,NA,"Marstorp and Witter (1999)"
"Flush",8.56193576640357,NA,"Marstorp and Witter (1999)"
"Flush",8.59531415167613,NA,"Marstorp and Witter (1999)"
"Flush",8.6427505730578,5.36736095115031,"Marstorp and Witter (1999)"
"Flush",8.71511562799273,NA,"Marstorp and Witter (1999)"
"Flush",8.77958752551222,NA,"Marstorp and Witter (1999)"
"Flush",8.84723560488308,NA,"Marstorp and Witter (1999)"
"Flush",8.91374402917637,NA,"Marstorp and Witter (1999)"
"Flush",8.95366630676453,NA,"Marstorp and Witter (1999)"
"Flush",9.01098156241522,NA,"Marstorp and Witter (1999)"
"Flush",9.07010001051648,4.72883039346274,"Marstorp and Witter (1999)"
"Flush",9.09151733456292,NA,"Marstorp and Witter (1999)"
"Flush",8.99540042928553,5.33517302695269,"Marstorp and Witter (1999)"
"Flush",8.78394416251408,NA,"Marstorp and Witter (1999)"
"Flush",8.70919639053068,NA,"Marstorp and Witter (1999)"
"Flush",8.65688357311241,NA,"Marstorp and Witter (1999)"
"Flush",8.59857856860863,NA,"Marstorp and Witter (1999)"
"Flush",8.58342880229117,NA,"Marstorp and Witter (1999)"
"Flush",8.57260075258426,NA,"Marstorp and Witter (1999)"
"Flush",8.56455946666392,NA,"Marstorp and Witter (1999)"
"Flush",8.55809889055753,4.97238384006033,"Marstorp and Witter (1999)"
