2.497918401332219958e+02,-1.318937674167758138e-02,3.279930965409408650e+00,8.243227272727270929e+02,6.562593992576715607e+00,0.000000000000000000e+00,-3.542434520561515456e-03
2.460217925452410270e+02,-5.929763384637545126e-03,3.263897902638261961e+00,8.557862093044404901e+02,6.730712500365918061e+00,3.601929076410550934e+00,8.574210522942982832e-03
2.423157999034989700e+02,9.888137785483970370e-04,3.248400767873701245e+00,8.853878953507407914e+02,6.888642128731725656e+00,7.149992090410342449e+00,2.000968678133944328e-02
2.386723180134748077e+02,7.579410512042670384e-03,3.233408270041089771e+00,9.132225954766990981e+02,7.036899403305160838e+00,1.064521670652148622e+01,3.079902905511735373e-02
2.350898729568249905e+02,1.385460460909995056e-02,3.218891061089648620e+00,9.393794344427378746e+02,7.175969915026001900e+00,1.408859125181807315e+01,4.097516549385896156e-02
2.315670563552308465e+02,1.982651375761466592e-02,3.204821591223515842e+00,9.639422775282174598e+02,7.306310637564173760e+00,1.748106714035342790e+01,5.056907531619692087e-02
2.281025210190130679e+02,2.550681255184713420e-02,3.191173977288448871e+00,9.869901173759350286e+02,7.428352032552608009e+00,2.082356112288399785e+01,5.960993210073384924e-02
2.246949767352008394e+02,3.090674923005992322e-02,3.177923875888163607e+00,1.008597426226782886e+03,7.542499962361918442e+00,2.411695747260272782e+01,6.812523486836573328e-02
2.213431868950123089e+02,3.603716076023366632e-02,3.165048385147448240e+00,1.028834478115433512e+03,7.649137450148383088e+00,2.736210978862846943e+01,7.614092643927043713e-02
2.180459649529755382e+02,4.090848825867897387e-02,3.152525940970139828e+00,1.047767643493870537e+03,7.748626281170398755e+00,3.055984288005135596e+01,8.368150286831638196e-02
2.148021710547072303e+02,4.553079179850220287e-02,3.140336217870974167e+00,1.065459657268173714e+03,7.841308456810131666e+00,3.371095455514686989e+01,9.077011342041182984e-02
2.116107094286078905e+02,4.991376393941269335e-02,3.128460056754107654e+00,1.081969867323752624e+03,7.927507554256826516e+00,3.681621707595193982e+01,9.742865155674301780e-02
2.084705253119697375e+02,5.406674374308250569e-02,3.116879374576959627e+00,1.097354459219747014e+03,8.007529941207026880e+00,3.987637879040465094e+01,1.036778393687599609e-01
2.053806027090667214e+02,5.799872930917743252e-02,3.105577103684155738e+00,1.111666665843346891e+03,8.081665923036199572e+00,4.289216540574982162e+01,1.095373043110777489e-01
2.023399619096205981e+02,6.171839041835261441e-02,3.094537121080625841e+00,1.124956957898463088e+03,8.150190775998622073e+00,4.586428134181448257e+01,1.150256502737521808e-01
1.993476573981381250e+02,6.523408044491181557e-02,3.083744191350691999e+00,1.137273221030092145e+03,8.213365713004861846e+00,4.879341091104284800e+01,1.201605229148948184e-01
1.964027757701648795e+02,6.855384798204895713e-02,3.073183908776797146e+00,1.148660918056072887e+03,8.271438764930728382e+00,5.168021947945319283e+01,1.249586699859263489e-01
1.935044339051596296e+02,7.168544788564872039e-02,3.062842647768224236e+00,1.159163239504601506e+03,8.324645600811665602e+00,5.452535450375772541e+01,1.294359969494074114e-01
1.906517771882671752e+02,7.463635200591516028e-02,3.052707514203333083e+00,1.168821242192333784e+03,8.373210281112854148e+00,5.732944653455991357e+01,1.336076184407274381e-01
1.878439778945641194e+02,7.741375947075765374e-02,3.042766301885983182e+00,1.177673977799710201e+03,8.417345957561524372e+00,6.009311013896143550e+01,1.374879058762309703e-01
1.850802336912722126e+02,8.002460656133875139e-02,3.033007452307628693e+00,1.185758611925535661e+03,8.457255521205546245e+00,6.281694475829521451e+01,1.410905315290006679e-01
1.823597662563289248e+02,8.247557620581591475e-02,3.023420017870158460e+00,1.193110534656586196e+03,8.493132204630979842e+00,6.550153550500067468e+01,1.444285094119284740e-01
1.796818198474474855e+02,8.477310734108052526e-02,3.013993622793511573e+00,1.199763462260799542e+03,8.525160132761884668e+00,6.814745397233492952e+01,1.475142333357300217e-01
1.770456602266554569e+02,8.692340350217606093e-02,3.004718435550526756e+00,1.205749533230042744e+03,8.553514848512151048e+00,7.075525887292150173e+01,1.503595120407252850e-01
1.744505733904296676e+02,8.893244155341563373e-02,2.995585134222830792e+00,1.211099396127061482e+03,8.578363788080029195e+00,7.332549675876069273e+01,1.529756021488470064e-01
1.718958646070307452e+02,9.080597968388542940e-02,2.986584881607013742e+00,1.215842292475188970e+03,8.599866733968189791e+00,7.585870259019905859e+01,1.553732385798761995e-01
1.693808573434812104e+02,9.254956544566109167e-02,2.977709296342055723e+00,1.220006133245080491e+03,8.618176229567218627e+00,7.835540035171680984e+01,1.575626631301181857e-01
1.669048923748453319e+02,9.416854326474967396e-02,2.968950429476044484e+00,1.223617570599000146e+03,8.633437970161784492e+00,8.081610357263119226e+01,1.595536509625239963e-01
1.644673269145991128e+02,9.566806176335623801e-02,2.960300741405960334e+00,1.226702064800797643e+03,8.645791166886482415e+00,8.324131583274073876e+01,1.613555354164613875e-01
1.620675337725776899e+02,9.705308086673093693e-02,2.951753079352326115e+00,1.229283946586667298e+03,8.655368885390192446e+00,8.563153124907753977e+01,1.629772312236925924e-01
1.597049006496025640e+02,9.832837846687901562e-02,2.943300658817301407e+00,1.231386475759916721e+03,8.662298365525275656e+00,8.798723488993840647e+01,1.644272560915581438e-01
1.573788293619334127e+02,9.949855711238293765e-02,2.934937042641761362e+00,1.233031895752082391e+03,8.666701316884601880e+00,9.030890322058375830e+01,1.657137511194136659e-01
1.550887352448318950e+02,1.005680501374867086e-01,2.926656125241089423e+00,1.234241484984837598e+03,8.668694199313891957e+00,9.259700445302061667e+01,1.668444996751991816e-01
1.528340464749560397e+02,1.015411278741210899e-01,2.918452114250386309e+00,1.235035604889595788e+03,8.668388483060866179e+00,9.485199893530463555e+01,1.678269453573828507e-01
1.506142035305855700e+02,1.024219033811751556e-01,2.910319516015569263e+00,1.235433745016147441e+03,8.665890894748175199e+00,9.707433946487968512e+01,1.686682086309253537e-01
1.484286586114309330e+02,1.032143381792236247e-01,2.902253119798642089e+00,1.235454565430362891e+03,8.661303647305372166e+00,9.926447162156587467e+01,1.693751026506568336e-01
1.462768751582299274e+02,1.039222475881973751e-01,2.894247984664179985e+00,1.235115936502758586e+03,8.654724656747850631e+00,1.014228340439397300e+02,1.699541479626064389e-01
1.441583274294048920e+02,1.045493057950916266e-01,2.886299427855127053e+00,1.234434976333564919e+03,8.646247746493111563e+00,1.035498586726060637e+02,1.704115862704259632e-01
1.420724999301100979e+02,1.050990512665872789e-01,2.878403008986801126e+00,1.233428086202557097e+03,8.635962838096698846e+00,1.056459710735604887e+02,1.707533938912574878e-01
1.400188870531756038e+02,1.055748914179242270e-01,2.870554519982841946e+00,1.232110983695168215e+03,8.623956132230173210e+00,1.077115906422185105e+02,1.709852939213199474e-01
1.379969927555332561e+02,1.059801070757814545e-01,2.862749975895917398e+00,1.230498733931557581e+03,8.610310279474838069e+00,1.097471307861623444e+02,1.711127676780485884e-01
1.360063300809917735e+02,1.063178573497331608e-01,2.854985601504067994e+00,1.228605779448530257e+03,8.595104541053025571e+00,1.117529991931492930e+02,1.711410660494819269e-01
1.340464208721243153e+02,1.065911837846910959e-01,2.847257822907744984e+00,1.226445967944556287e+03,8.578414940422852908e+00,1.137295979908032848e+02,1.710752196813606907e-01
1.321167954924329422e+02,1.068030143930372849e-01,2.839563259343846457e+00,1.224032578534405502e+03,8.560314406593002801e+00,1.156773238994246782e+02,1.709200486373374794e-01
1.302169924295607757e+02,1.069561680315663371e-01,2.831898711902117505e+00,1.221378347142458551e+03,8.540872910772563387e+00,1.175965684534637887e+02,1.706801720343015527e-01
1.283465580681200038e+02,1.070533580828021969e-01,2.824261156536676420e+00,1.218495489861328451e+03,8.520157594049276639e+00,1.194877181228228835e+02,1.703600166114682402e-01
1.265050464547112625e+02,1.070971960886706459e-01,2.816647736859975826e+00,1.215395725189727955e+03,8.498232888619316583e+00,1.213511544383105871e+02,1.699638249362853404e-01
1.246920189718928498e+02,1.070901956745582417e-01,2.809055754672290295e+00,1.212090295749284223e+03,8.475160634757299860e+00,1.231872541712312170e+02,1.694956636291693186e-01
1.229070441553780597e+02,1.070347758251771614e-01,2.801482664011500923e+00,1.208589988068294815e+03,8.451000188936104607e+00,1.249963894267836935e+02,1.689594306238720312e-01
1.211496974937645348e+02,1.069332641650715815e-01,2.793926064774328033e+00,1.204905151561438061e+03,8.425808527161493089e+00,1.267789277478042038e+02,1.683588621909321847e-01
1.194195611600659106e+02,1.067879004677757954e-01,2.786383694717358583e+00,1.201045717169808540e+03,8.399640345445849476e+00,1.285352322601873993e+02,1.676975399858942062e-01
1.177162238646673700e+02,1.066008395758212268e-01,2.778853424354641444e+00,1.197021214227969040e+03,8.372548151970789831e+00,1.302656617438442197e+02,1.669788972418367878e-01
1.160392806848069256e+02,1.063741543624908414e-01,2.771333251316228097e+00,1.192840786776840332e+03,8.344582355809645691e+00,1.319705707181937555e+02,1.662062248197579972e-01
1.143883328422548118e+02,1.061098388802568376e-01,2.763821293538246238e+00,1.188513209682153047e+03,8.315791353871693659e+00,1.336503095602425901e+02,1.653826772940459600e-01
1.127629875845426994e+02,1.058098109610050991e-01,2.756315784851765205e+00,1.184046903075867704e+03,8.286221609786197817e+00,1.353052245580313695e+02,1.645112782581546751e-01
1.111628580347243513e+02,1.054759149145518549e-01,2.748815069884481765e+00,1.179449946522242271e+03,8.255917730832509349e+00,1.369356579841673920e+02,1.635949255960298665e-01
1.095875629845802166e+02,1.051099244644889685e-01,2.741317597735155154e+00,1.174730093267030497e+03,8.224922544623300524e+00,1.385419482057043297e+02,1.626363968883427491e-01
1.080367268478756984e+02,1.047135448116883610e-01,2.733821919243371479e+00,1.169894782098632504e+03,8.193277164414954683e+00,1.401244296924573405e+02,1.616383536927425424e-01
1.065099795394519333e+02,1.042884150279277250e-01,2.726326682644493182e+00,1.164951149580135052e+03,8.161021055568145499e+00,1.416834330729485316e+02,1.606033460906350074e-01
1.050069563696870887e+02,1.038361103193987250e-01,2.718830629600476279e+00,1.159906041625800299e+03,8.128192098529991583e+00,1.432192851809325305e+02,1.595338169778799942e-01
1.035272977780997508e+02,1.033581451141594443e-01,2.711332587756803303e+00,1.154766026682478241e+03,8.094826658842656286e+00,1.447323092059739338e+02,1.584321072039720779e-01
1.020706492627099351e+02,1.028559750431028014e-01,2.703831467616199191e+00,1.149537405978290735e+03,8.060959643127644014e+00,1.462228247184607710e+02,1.573004593369720927e-01
1.006366614403065682e+02,1.023309981651205069e-01,2.696326262311858901e+00,1.144226221733078091e+03,8.026624545264537502e+00,1.476911476108013517e+02,1.561410204820704306e-01
9.922498989191258545e+01,1.017845573058813319e-01,2.688816042724992528e+00,1.138838267714739686e+03,7.991853503086360000e+00,1.491375901773486135e+02,1.549558463037530864e-01
9.783529504617892769e+01,1.012179421692215586e-01,2.681299953489160615e+00,1.133379099047242335e+03,7.956677351371165940e+00,1.505624611706627718e+02,1.537469047159316093e-01
9.646724193718939944e+01,1.006323921536984994e-01,2.673777206344132740e+00,1.127854043536701511e+03,7.921125681850465838e+00,1.519660659399442011e+02,1.525160803195171333e-01
9.512050034974835455e+01,1.000290968187375062e-01,2.666247081841052857e+00,1.122268206913415952e+03,7.885226873771422618e+00,1.533487063180396035e+02,1.512651760414653324e-01
9.379474469608764764e+01,9.940919790752203444e-02,2.658708925330955708e+00,1.116626481783167947e+03,7.849008142046987047e+00,1.547106806835906525e+02,1.499959165342339695e-01
9.248965394158963704e+01,9.877379103718778031e-02,2.651162144048712754e+00,1.110933555558877060e+03,7.812495580293587594e+00,1.560522839918611169e+02,1.487099511326143431e-01
9.120491141452873762e+01,9.812392812339297554e-02,2.643606201833479830e+00,1.105193920178047392e+03,7.775714212563104688e+00,1.573738078830147913e+02,1.474088576243734738e-01
8.994020481481641127e+01,9.746061845349769659e-02,2.636040618043235195e+00,1.099411878069196064e+03,7.738688026363412575e+00,1.586755406593329383e+02,1.460941443783414506e-01
8.869522620981919658e+01,9.678482980670703728e-02,2.628464966246588208e+00,1.093591548118929722e+03,7.701440005552659507e+00,1.599577672715748236e+02,1.447672524920410597e-01
2.497918401332219958e+02,-2.671131906391466249e-02,3.057750365434730000e+01,8.352409090909089855e+02,2.379556612654334380e+00,0.000000000000000000e+00,-1.104267449650818455e-03
2.464053717132249801e+02,-8.957742236901744190e-03,3.039850041512453060e+01,8.485415846742874919e+02,2.553716328376077982e+00,3.212308708860661888e+00,1.276299256293527730e-02
2.430738877905697564e+02,6.925037044987183456e-03,3.027832874268290908e+01,8.613962220623695885e+02,2.711225462645876494e+00,6.386283493409163015e+00,2.506372013005329913e-02
2.397906762309281987e+02,2.111780654518886566e-02,3.020845775373073749e+01,8.738593880926162001e+02,2.854393886942859559e+00,9.526326680205430719e+00,3.601736610382744869e-02
2.365501272294138744e+02,3.378378055326709817e-02,3.018189620815224217e+01,8.859760613658233979e+02,2.985117277614481424e+00,1.263615231207930556e+01,4.580397317545703562e-02
2.333475364028070089e+02,4.507032366742506208e-02,3.019285244005434876e+01,8.977835921084124493e+02,3.104966968163072494e+00,1.571889349821340609e+01,5.457275980992186415e-02
2.301789498059385153e+02,5.511050689518780937e-02,3.023647984850774861e+01,9.093131548637331889e+02,3.215257049553521096e+00,1.877719005664960861e+01,6.244853377628138691e-02
2.270410415148430729e+02,6.402450584377854248e-02,3.030868574896444301e+01,9.205908937832774654e+02,3.317095326703571434e+00,2.181326010481367561e+01,6.953655035318406785e-02
2.239310151548359329e+02,7.192086130308930625e-02,3.040598482332787356e+01,9.316388061604387758e+02,3.411422442310156011e+00,2.482895937170020773e+01,7.592624118258696486e-02
2.208465241505709571e+02,7.889761472977356582e-02,3.052538588944467790e+01,9.424754444689260708e+02,3.499042305960072596e+00,2.782583053820677321e+01,8.169411010594944400e-02
2.177856062005360513e+02,8.504333357193559484e-02,3.066430299131595660e+01,9.531164677908618614e+02,3.580645989251099337e+00,3.080514476295546089e+01,8.690600714260209025e-02
2.147466297338548600e+02,9.043803093600993881e-02,3.082048617837305216e+01,9.635751131822011075e+02,3.656830764154558988e+00,3.376793643416358037e+01,9.161893093829809320e-02
2.117282483773485069e+02,9.515400210619334720e-02,3.099196494911637600e+01,9.738625437078511595e+02,3.728115274663714285e+00,3.671503327402400174e+01,9.588247318152892662e-02
2.087293633557833061e+02,9.925657419615083188e-02,3.117700368757528295e+01,9.839881581249769624e+02,3.794951857833251285e+00,3.964708170813586463e+01,9.973998374225807872e-02
2.057490914568121525e+02,1.028047837235570722e-01,3.137406537694059949e+01,9.939598433774347086e+02,3.857736579750908223e+00,4.256456888180608189e+01,1.032295196517795111e-01
2.027867376784786870e+02,1.058519885900659624e-01,3.158178186482347272e+01,1.003784182723287699e+03,3.916817472114144216e+00,4.546784175534988748e+01,1.063846236720584204e-01
1.998417718074433083e+02,1.084464196373877282e-01,3.179892952897330005e+01,1.013466633808817278e+03,3.972501352973657252e+00,4.835712372385226843e+01,1.092349673634177426e-01
1.969138081309082793e+02,1.106316789234284836e-01,3.202440908866500280e+01,1.023011678508830073e+03,4.025059507223636146e+00,5.123252922509739449e+01,1.118068861999790137e-01
1.940025877769042211e+02,1.124471895518579512e-01,3.225722875238153620e+01,1.032422949581956800e+03,4.074732444662137354e+00,5.409407662635450009e+01,1.141238274556033022e-01
1.911079633127855288e+02,1.139286014872661901e-01,3.249649014273670389e+01,1.041703340490214032e+03,4.121733915671296877e+00,5.694169961103479238e+01,1.162067273548790663e-01
1.882298851694102666e+02,1.151081581090744599e-01,3.274137643124163333e+01,1.050855100126206480e+03,4.166254318648391575e+00,5.977525734426170345e+01,1.180743306479812710e-01
1.853683896879726376e+02,1.160150267848138600e-01,3.299114233902245275e+01,1.059879916189641335e+03,4.208463608246567844e+00,6.259454352950893252e+01,1.197434626307795347e-01
1.825235884749988600e+02,1.166755975306458387e-01,3.324510559139003618e+01,1.068778986938326398e+03,4.248513785909790563e+00,6.539929455929926405e+01,1.212292619931668314e-01
1.796956589154320341e+02,1.171137525356466119e-01,3.350263962698002018e+01,1.077553084410061501e+03,4.286541045497609836e+00,6.818919685613872161e+01,1.225453810101303082e-01
1.768848356487319791e+02,1.173511100268137680e-01,3.376316730694997403e+01,1.086202609673958250e+03,4.322667631855118486e+00,7.096389352979910825e+01,1.237041588078327120e-01
1.740914029468372064e+02,1.174072437156223753e-01,3.402615554695422873e+01,1.094727642670032765e+03,4.357003454600363312e+00,7.372299039109685737e+01,1.247167712658225486e-01
1.713156879263704582e+02,1.172998792277876179e-01,3.429111079504339443e+01,1.103127988405693486e+03,4.389647491143162661e+00,7.646606136864431846e+01,1.255933605054541380e-01
1.685580540906309466e+02,1.170450770667408324e-01,3.455757471178548457e+01,1.111403211773158773e+03,4.420689030662786401e+00,7.919265365821122771e+01,1.263431514911814435e-01
1.658188958203679988e+02,1.166573916921759130e-01,3.482512084364741156e+01,1.119552675992158811e+03,4.450208752324535944e+00,8.190229220042419911e+01,1.269745506845137706e-01
1.630986332151801150e+02,1.161500171944710447e-01,3.509335153540075680e+01,1.127575573400044732e+03,4.478279675456731113e+00,8.459448387992279095e+01,1.274952338830401544e-01
1.603977073107066929e+02,1.155349209498516966e-01,3.536189515547320639e+01,1.135470953451035257e+03,4.504968016832889610e+00,8.726872143960891037e+01,1.279122254078338405e-01
1.577165758882824491e+02,1.148229598591012646e-01,3.563040385668291776e+01,1.143237749168810296e+03,4.530333922407897340e+00,8.992448695533111902e+01,1.282319649494288449e-01
1.550557094448174951e+02,1.140239902690299012e-01,3.589855138823206460e+01,1.150874799891850444e+03,4.554432150231666476e+00,9.256125516974022105e+01,1.284603705201360635e-01
1.524155876510070584e+02,1.131469630936421944e-01,3.616603134130694741e+01,1.158380872708262586e+03,4.577312651084601391e+00,9.517849646214688164e+01,1.286028913669334806e-01
1.497966960307009003e+02,1.122000114229157464e-01,3.643255551752601917e+01,1.165754681291758743e+03,4.599021097102705902e+00,9.777567963624161962e+01,1.286645563426457028e-01
1.471995229003207726e+02,1.111905302936757600e-01,3.669785247591507726e+01,1.172994903597705388e+03,4.619599362084322536e+00,1.003522745017460096e+02,1.286500176861631317e-01
1.446245566060231624e+02,1.101252470035173070e-01,3.696166629464023146e+01,1.180100197494037275e+03,4.639085936497985507e+00,1.029077542224731729e+02,1.285635887512848186e-01
1.420722829381271595e+02,1.090102861904629350e-01,3.722375542189989517e+01,1.187069215350436934e+03,4.657516313474303615e+00,1.054415975163332178e+02,1.284092790827762176e-01
1.395431829319429369e+02,1.078512224747066317e-01,3.748389183355774179e+01,1.193900615364532769e+03,4.674923278290923356e+00,1.079532905587313110e+02,1.281908206104283299e-01
1.370377304197206172e+02,1.066531433085668168e-01,3.774185984114326686e+01,1.200593076942642256e+03,4.691337311325996851e+00,1.104423290417927177e+02,1.279117042225783041e-01
1.345563903451874523e+02,1.054206856062246955e-01,3.799745559394834515e+01,1.207145307543524723e+03,4.706786760707722728e+00,1.129082196686898953e+02,1.275751953624199575e-01
1.320996167811165662e+02,1.041580853010475871e-01,3.825048619361508173e+01,1.213556055499839204e+03,4.721298156068623797e+00,1.153504818408632531e+02,1.271843622589369227e-01
1.296678513967763422e+02,1.028692113252544643e-01,3.850076917170224533e+01,1.219824116607429687e+03,4.734896383583357959e+00,1.177686490011749356e+02,1.267420918407719532e-01
1.272615219366204968e+02,1.015576015163535406e-01,3.874813190118442208e+01,1.225948342820203152e+03,4.747604896297726640e+00,1.201622699511438555e+02,1.262511086320569909e-01
1.248810408439195356e+02,1.002264948403441824e-01,3.899241106779528110e+01,1.231927649856237622e+03,4.759445900953993558e+00,1.225309100441324972e+02,1.257139915708458400e-01
1.225268041300680437e+02,9.887885606914002812e-02,3.923345230019331353e+01,1.237761021543794641e+03,4.770440478607077317e+00,1.248741521815593956e+02,1.251331850318880556e-01
1.201991901637423439e+02,9.751740632116524810e-02,3.947110964607252726e+01,1.243447518444686466e+03,4.780608780992931628e+00,1.271915978498671507e+02,1.245110163208004855e-01
1.178985588376284994e+02,9.614464020288332469e-02,3.970524533600978856e+01,1.248986279275751485e+03,4.789970093549832164e+00,1.294828678646907747e+02,1.238497016810703732e-01
1.156252506099941399e+02,9.476285094327703551e-02,3.993572936387969463e+01,1.254376528301324925e+03,4.798542997715734337e+00,1.317476031917953776e+02,1.231513606755225282e-01
1.133795858531645990e+02,9.337414505724869751e-02,4.016243926952384413e+01,1.259617576305558941e+03,4.806345425453775633e+00,1.339854655228205615e+02,1.224180214586283733e-01
1.111618641476557485e+02,9.198046183911715024e-02,4.038525981480566429e+01,1.264708825671927116e+03,4.813394778062773049e+00,1.361961378781153087e+02,1.216516314013924988e-01
1.089723637832681220e+02,9.058358677098810041e-02,4.060408277363983132e+01,1.269649771820892056e+03,4.819707984008394952e+00,1.383793250390460798e+02,1.208540625647899353e-01
1.068113413020196560e+02,8.918516547272670181e-02,4.081880670323997862e+01,1.274440005618346504e+03,4.825301570635534887e+00,1.405347539361673341e+02,1.200271183045302226e-01
1.046790311339404269e+02,8.778671631793465158e-02,4.102933673221516386e+01,1.279079215301544082e+03,4.830191727443716943e+00,1.426621739529801687e+02,1.191725391568478343e-01
1.025756453861600903e+02,8.638963919066680597e-02,4.123558441669003827e+01,1.283567185924597197e+03,4.834394329795054013e+00,1.447613570996067551e+02,1.182920054159149192e-01
1.005013735517255213e+02,8.499522915237138487e-02,4.143746749429925558e+01,1.287903803065369630e+03,4.837925027583255932e+00,1.468320982391263669e+02,1.173871450877471134e-01
9.845638250272574510e+01,8.360468177287148916e-02,4.163490979026786221e+01,1.292089050352597724e+03,4.840799238882109279e+00,1.488742150787622904e+02,1.164595339641450594e-01
9.644081639359866642e+01,8.221910299764371988e-02,4.182784103130016717e+01,1.296123010938973493e+03,4.843032203260594137e+00,1.508875482250336120e+02,1.155107006256421570e-01
9.445479670852120080e+01,8.083951600833269580e-02,4.201619670864912592e+01,1.300005866844054708e+03,4.844639003008062161e+00,1.528719611132827083e+02,1.145421287958515444e-01
9.249842239596466698e+01,7.946686666511930397e-02,4.219991796111166593e+01,1.303737897359364979e+03,4.845634570584957501e+00,1.548273398588754333e+02,1.135552585657493424e-01
9.057176995486020132e+01,7.810203137180436739e-02,4.237895140726762833e+01,1.307319479745595572e+03,4.846033730160306696e+00,1.567535931424941680e+02,1.125514904228042540e-01
8.867489374263529101e+01,7.674582016043407506e-02,4.255324905889692388e+01,1.310751086063542289e+03,4.845851182560234172e+00,1.586506519033795826e+02,1.115321846414579626e-01
8.680782617672315382e+01,7.539898309388172459e-02,4.272276816678265021e+01,1.314033282989920053e+03,4.845101534916198993e+00,1.605184691179419758e+02,1.104986643578291239e-01
8.497057809421610841e+01,7.406221391927367281e-02,4.288747111104929388e+01,1.317166729440403515e+03,4.843799298526545449e+00,1.623570194383637784e+02,1.094522160449727805e-01
8.316313913690112258e+01,7.273615364475413680e-02,4.304732528855975460e+01,1.320152174288826700e+03,4.841958888314224829e+00,1.641662988062477666e+02,1.083940901227384290e-01
8.138547811433514312e+01,7.142139497061530951e-02,4.320230298092086940e+01,1.322990455026047812e+03,4.839594635968766489e+00,1.659463240824476600e+02,1.073255026879598589e-01
7.963754353724178259e+01,7.011848429443411079e-02,4.335238125526184660e+01,1.325682494189202998e+03,4.836720773327573220e+00,1.676971325226847114e+02,1.062476348623798972e-01
7.791926403574439064e+01,6.882792571270056337e-02,4.349754182885577336e+01,1.328229297835915077e+03,4.833351444301002608e+00,1.694187813539031424e+02,1.051616344526934421e-01
7.623054893759024253e+01,6.755018299818350835e-02,4.363777096183128634e+01,1.330631952182163786e+03,4.829500692061451161e+00,1.711113472051075348e+02,1.040686156256298983e-01
7.457128881594084646e+01,6.628568208579278809e-02,4.377305933815902961e+01,1.332891620843811324e+03,4.825182454873595539e+00,1.727749255641894308e+02,1.029696592874878858e-01
7.294135604153913732e+01,6.503481366079612302e-02,4.390340194078816438e+01,1.335009542273787247e+03,4.820410565144856108e+00,1.744096302290676590e+02,1.018658137347359521e-01
7.134060545443310275e+01,6.379793451503913693e-02,4.402879794003339242e+01,1.336987025992313193e+03,4.815198733284298704e+00,1.760155926482615030e+02,1.007580941086425041e-01
1.248959200666109979e+02,-1.406334392291877511e-02,4.456073548487108127e+00,7.395976363636360702e+02,3.260829787552381287e+00,0.000000000000000000e+00,9.868535516075988695e-03
1.228196608137057382e+02,-5.996629477820364720e-03,4.433309414261552561e+00,7.615998382152099566e+02,3.355090412345246520e+00,1.981998623342189569e+00,1.719047979087760802e-02
1.207822407018673516e+02,1.626171964483618011e-03,4.411082948203949528e+00,7.820211851820284892e+02,3.442559019518074415e+00,3.931950117474583450e+00,2.403602348968456037e-02
1.187827698857262391e+02,8.825175673535219992e-03,4.389362507338777419e+00,8.009497548010372157e+02,3.523613997409260623e+00,5.850365940287079347e+00,3.043178565508009720e-02
1.168203919867228961e+02,1.561962889894750149e-02,4.368118416901220158e+00,8.184683808588797547e+02,3.598611208265361405e+00,7.737746619064537867e+00,3.640279673290765239e-02
1.148942819323904132e+02,2.202794967400623083e-02,4.347322828573948250e+00,8.346550237932109439e+02,3.667885579361950477e+00,9.594582285395857113e+00,4.197261090929890748e-02
1.130036439654037110e+02,2.806776398380737142e-02,4.326949590049689043e+00,8.495831102119689149e+02,3.731752561456774142e+00,1.142135317175824127e+01,4.716340910399060421e-02
1.111477104429581289e+02,3.375592845670839087e-02,4.306974166548746652e+00,8.633218128032897312e+02,3.790509331695994799e+00,1.321852991326806404e+01,5.199608256645731064e-02
1.093257395822099198e+02,3.910857561714933123e-02,4.287373495266995960e+00,8.759363658565318929e+02,3.844436148549364329e+00,1.498657413795010207e+01,5.649032969044540109e-02
1.075370133666192203e+02,4.414115414249056291e-02,4.268125848623467000e+00,8.874883451974272930e+02,3.893797553795120159e+00,1.672593899454563626e+01,6.066474225396364939e-02
1.057808376941109572e+02,4.886843187643707953e-02,4.249210845388398106e+00,8.980358458403405848e+02,3.938843137053471555e+00,1.843706913533831226e+01,6.453685571837362855e-02
1.040565399746427886e+02,5.330454293650498804e-02,4.230609294889757344e+00,9.076337464491366518e+02,3.979808670857889030e+00,2.012040133649151841e+01,6.812323190483546287e-02
1.023634683324683721e+02,5.746300895750922760e-02,4.212303147875700482e+00,9.163339009263619346e+02,4.016916934086060209e+00,2.177636473913173276e+01,7.143951600583543782e-02
1.007009902865251405e+02,6.135676797018631279e-02,4.194275410810448079e+00,9.241853329376903048e+02,4.050378547373294502e+00,2.340538118981030635e+01,7.450049609069260559e-02
9.906849182505786189e+01,6.499819801592124358e-02,4.176510087250590253e+00,9.312344083360216018e+02,4.080392713919343883e+00,2.500786549960851701e+01,7.732015506574860253e-02
9.746537643304418452e+01,6.839914092349014263e-02,4.158992115747208729e+00,9.375249968489090406e+02,4.107147914040007564e+00,2.658422571036706117e+01,7.991171972142926960e-02
9.589106417374861735e+01,7.157092562293611293e-02,4.141707311304346106e+00,9.430986235454778353e+02,4.130822555808553176e+00,2.813486334767061336e+01,8.228770669566218277e-02
9.434499099417197954e+01,7.452438806486237632e-02,4.124642321222093955e+00,9.479946047410960546e+02,4.151585558995873448e+00,2.966017361562074939e+01,8.445996333612397489e-02
9.282660757577872346e+01,7.726989784892436541e-02,4.107784551652141403e+00,9.522501893391496424e+02,4.169596961885750908e+00,3.116054570902150544e+01,8.643971144254264383e-02
9.133537897691127228e+01,7.981737270836486431e-02,4.091122144634114832e+00,9.559006683079284130e+02,4.185008391885851609e+00,3.263636291463227934e+01,8.823757961251188497e-02
8.987078404826816325e+01,8.217629653579333615e-02,4.074643940728574165e+00,9.589794853626158329e+02,4.197963541069021254e+00,3.408800277373557464e+01,8.986363658365864593e-02
8.843231431597338599e+01,8.435574552714206198e-02,4.058339407774718133e+00,9.615183576089361850e+02,4.208598683975174559e+00,3.551583738748028907e+01,9.132742895732602617e-02
8.701947403268542303e+01,8.636439522189903739e-02,4.042198643488161380e+00,9.635473519406039031e+02,4.217043006352069412e+00,3.692023340286992550e+01,9.263800292814974857e-02
8.563177908980730990e+01,8.821054685114834704e-02,4.026212306294351784e+00,9.650949965153973835e+02,4.223419083551019249e+00,3.830155231313095499e+01,9.380393929219750515e-02
8.426875679653497286e+01,8.990213826693321808e-02,4.010371600351796850e+00,9.661883553527103459e+02,4.227843201213092428e+00,3.966015051305465988e+01,9.483337545706088667e-02
8.292994545323416844e+01,9.144675867150905968e-02,3.994668247815677642e+00,9.668531072703614200e+02,4.230425694399135850e+00,4.099637941378682626e+01,9.573402927018642705e-02
8.161489360639367874e+01,9.285166906863900893e-02,3.979094441309177554e+00,9.671136328241599358e+02,4.231271320801287317e+00,4.231058564907588959e+01,9.651322603130405020e-02
8.032316006616829895e+01,9.412380789712157525e-02,3.963642843556276940e+00,9.669930665853652272e+02,4.230479485656716498e+00,4.360311105874356485e+01,9.717791345865260666e-02
7.905431314196056292e+01,9.526981234856289615e-02,3.948306538736141125e+00,9.665133799192265087e+02,4.228144597036856744e+00,4.487429290193584563e+01,9.773468756203365637e-02
7.780793045678618114e+01,9.629602756578460598e-02,3.933079019555589362e+00,9.656954347546410418e+02,4.224356296959222767e+00,4.612446389958499537e+01,9.818980860409486089e-02
7.658359869016734933e+01,9.720851737841711138e-02,3.917954169910259132e+00,9.645590383778013575e+02,4.219199696826896329e+00,4.735395229799956951e+01,9.854921755404594252e-02
7.538091300543551654e+01,9.801308180445865437e-02,3.902926228082763238e+00,9.631230102639310644e+02,4.212755664317064941e+00,4.856308202589931966e+01,9.881855686454307786e-02
7.419947707555471084e+01,9.871526093396143509e-02,3.887989786954622495e+00,9.614052173508935084e+02,4.205100975147070486e+00,4.975217267453172809e+01,9.900318054917470190e-02
7.303890252785720349e+01,9.932035249978458935e-02,3.873139758217059025e+00,9.594226372141147294e+02,4.196308584247664619e+00,5.092153964931829080e+01,9.910817386779889604e-02
7.189880873276156592e+01,9.983342117850058095e-02,3.858371357925024281e+00,9.571914012737659050e+02,4.186447811403636976e+00,5.207149422012672346e+01,9.913836633601830206e-02
7.077882267115154491e+01,1.002593050517122386e-01,3.843680097140489416e+00,9.547268298504898212e+02,4.175584491913330254e+00,5.320234354956497214e+01,9.909834217332821882e-02
6.967857872063932234e+01,1.006026256131966612e-01,3.829061767202554645e+00,9.520434744105507434e+02,4.163781158085175349e+00,5.431439074325835037e+01,9.899245305032919329e-02
6.859771851206959070e+01,1.008677953606489791e-01,3.814512429528803317e+00,9.491551528863103613e+02,4.151097191021383637e+00,5.540793488051332361e+01,9.882482865068097089e-02
6.753589033447303791e+01,1.010590346529242345e-01,3.800028378047636490e+00,9.460750023940728397e+02,4.137589046768892054e+00,5.648327118386097112e+01,9.859939344653753657e-02
6.649274916986006190e+01,1.011803753120475297e-01,3.785606139951325666e+00,9.428155036301503742e+02,4.123310361295086324e+00,5.754069099620011229e+01,9.831987364093308646e-02
6.546795666575307848e+01,1.012356654228609015e-01,3.771242472716822558e+00,9.393885068341242004e+02,4.108312062140318410e+00,5.858048177748201368e+01,9.798980472721371959e-02
6.446118076070384006e+01,1.012285810485962778e-01,3.756934340033486475e+00,9.358052704383435412e+02,4.092642534279272937e+00,5.960292720668832089e+01,9.761254363074470253e-02
6.347209553157242823e+01,1.011626333676403922e-01,3.742678901302755268e+00,9.320764895773892249e+02,4.076347742595408441e+00,6.060830721746143013e+01,9.719127733679297498e-02
6.250038114965929026e+01,1.010411735560515084e-01,3.728473507835510237e+00,9.282123193783913848e+02,4.059471332018756762e+00,6.159689800166963636e+01,9.672902972284561085e-02
6.154572366284952523e+01,1.008674008503693681e-01,3.714315688734775911e+00,9.242224035497328032e+02,4.042054750277358721e+00,6.256897206834621983e+01,9.622867037281540581e-02
6.060781482996955560e+01,1.006443694476786277e-01,3.700203140046599337e+00,9.201158998798480297e+02,4.024137357412355342e+00,6.352479828779436843e+01,9.569292235975600247e-02
5.968635205168335744e+01,1.003749934629140084e-01,3.686133719337053805e+00,9.159015012282624184e+02,4.005756515994663758e+00,6.446464190089463386e+01,9.512436849398278604e-02
5.878103821366935477e+01,1.000620534863828903e-01,3.672105435504046334e+00,9.115874590206393577e+02,3.986947692030742285e+00,6.538876456164217643e+01,9.452545850287530360e-02
5.789158152987980799e+01,9.970820319606051030e-02,3.658116438598655318e+00,9.071816062783937014e+02,3.967744553866036306e+00,6.629742437957939671e+01,9.389851607715062054e-02
5.701769547910572555e+01,9.931597349643728201e-02,3.644165015232363469e+00,9.026913749465792307e+02,3.948179046655859281e+00,6.719087593243779111e+01,9.324574403387786425e-02
5.615909867941184075e+01,9.888777809618733150e-02,3.630249580434390388e+00,8.981238156853094097e+02,3.928281477372716601e+00,6.806937030026467994e+01,9.256923034460981525e-02
5.531551475401408169e+01,9.842591897932508049e-02,3.616368669182665307e+00,8.934856168189476193e+02,3.908080596184219324e+00,6.893315510405292912e+01,9.187095393743216487e-02
5.448667226248512918e+01,9.793259057072004059e-02,3.602520931700346374e+00,8.887831203665645035e+02,3.887603665339911529e+00,6.978247452218528224e+01,9.115278949396639352e-02
5.367230459753992733e+01,9.740988440920671232e-02,3.588705126922420607e+00,8.840223385654905996e+02,3.866876530147248747e+00,7.061756932008948695e+01,9.041651247018246684e-02
5.287214984955667774e+01,9.685979463833381542e-02,3.574920114137396521e+00,8.792089716722989579e+02,3.845923695411391119e+00,7.143867689142552990e+01,8.966380456508933616e-02
5.208595076796863310e+01,9.628422080007452422e-02,3.561164850434975548e+00,8.743484198545187382e+02,3.824768376553378424e+00,7.224603126802594488e+01,8.889625723685777581e-02
5.131345467746594124e+01,9.568497175904683294e-02,3.547438385577940334e+00,8.694457970900076589e+02,3.803432559320603090e+00,7.303986314575195138e+01,8.811537590961816824e-02
5.055441339851009985e+01,9.506376941778563183e-02,3.533739857220864700e+00,8.645059443161333093e+02,3.781937056275752607e+00,7.382039990984594624e+01,8.732258395003476836e-02
4.980858310018099644e+01,9.442225426152739409e-02,3.520068482164160351e+00,8.595334459719041433e+02,3.760301577813629059e+00,7.458786568313095700e+01,8.651922779354709325e-02
4.907572419932226637e+01,9.376198951116836156e-02,3.506423550465636918e+00,8.545326433490411091e+02,3.738544789499148813e+00,7.534248136005074059e+01,8.570658102877549978e-02
4.835560139975640226e+01,9.308446123931451988e-02,3.492804428019176566e+00,8.495076395519166681e+02,3.716684333452720423e+00,7.608446459606969370e+01,8.488584569921657497e-02
4.764798357575774190e+01,9.239108279358718145e-02,3.479210549904460326e+00,8.444623129541938624e+02,3.694736886128977993e+00,7.681402984858708294e+01,8.405815645230928224e-02
4.695264369694929485e+01,9.168319799702655259e-02,3.465641416265021313e+00,8.394003279251890035e+02,3.672718204393376151e+00,7.753138840488665551e+01,8.322458379333032286e-02
4.626935867807029723e+01,9.096208660395324608e-02,3.452096583514216110e+00,8.343251498229807339e+02,3.650643189873585381e+00,7.823674843264437584e+01,8.238613877084147163e-02
4.559790940223475531e+01,9.022896430094100306e-02,3.438575666575869771e+00,8.292400487980697790e+02,3.628525905364090587e+00,7.893031498082271469e+01,8.154377396302343872e-02
4.493808064833480387e+01,8.948498560575748884e-02,3.425078335143765695e+00,8.241481092735250513e+02,3.606379615547755435e+00,7.961229000914262599e+01,8.069838635793449844e-02
4.428966102087689194e+01,8.873124661620830633e-02,3.411604310169273457e+00,8.190522389237197558e+02,3.584216825564148667e+00,8.028287241760033055e+01,7.985082008006011423e-02
4.365244285146466297e+01,8.796878877839382771e-02,3.398153358448369410e+00,8.139551795197360207e+02,3.562049327575488977e+00,8.094225808327266236e+01,7.900186973666750712e-02
4.302622212760558540e+01,8.719860160745739053e-02,3.384725289116704783e+00,8.088595154499282671e+02,3.539888237363834733e+00,8.159063989093084501e+01,7.815228301299606550e-02
4.241079848962914411e+01,8.642162288620579280e-02,3.371319954808992936e+00,8.037676770558692851e+02,3.517744008704265735e+00,8.222820774727480853e+01,7.730276157376614332e-02
4.180597514958066796e+01,8.563874162493487208e-02,3.357937247607434728e+00,7.986819493786994144e+02,3.495626470923838713e+00,8.285514861528827169e+01,7.645396374767159109e-02
4.121155883086276361e+01,8.485080026548749710e-02,3.344577096398152261e+00,7.936044792425511787e+02,3.473544859330821133e+00,8.347164654348121360e+01,7.560650667262115709e-02
